Angkatan,Kode MK,Nama Mata Kuliah
20061,705105,Kalkulus I
20061,705217,Aljabar Linier
20061,705436,Metode Numerik
20061,705106,Fisika Dasar
20061,705106,Fisika Dasar
20061,705105,Kalkulus I
20061,705105,Kalkulus I
20061,705217,Aljabar Linier
20061,705218,Kalkulus II
20061,705328,Komunikasi Data
20061,705105,Kalkulus I
20061,705218,Kalkulus II
20061,705436,Metode Numerik
20061,UN8205,Hadits dan Ilmu Hadits
20061,705217,Aljabar Linier
20061,705217,Aljabar Linier
20061,705537,Pemrograman Web II
20061,705436,Metode Numerik
20061,705105,Kalkulus I
20061,705107,Pengantar Teknologi Informasi
20061,705219,Algoritma dan Pemrograman
20061,705216,English Communication Skill
20061,705326,Organisasi  Arsitektur Komputer
20061,705217,Aljabar Linier
20061,705216,English Communication Skill
20061,705326,Organisasi  Arsitektur Komputer
20061,705436,Metode Numerik
20061,705322,Sejarah Peradaban Islam
20061,705436,Metode Numerik
20061,705103,Bahasa Inggris
20061,705106,Fisika Dasar
20061,705105,Kalkulus I
20061,705218,Kalkulus II
20061,705322,Sejarah Peradaban Islam
20061,705105,Kalkulus I
20061,705219,Algoritma dan Pemrograman
20061,705327,Probabilitas dan Statistika
20061,705327,Probabilitas dan Statistika
20061,705219,Algoritma dan Pemrograman
20061,705217,Aljabar Linier
20061,705322,Sejarah Peradaban Islam
20061,705105,Kalkulus I
20061,705217,Aljabar Linier
20061,705325,Logika Informatika
20061,705217,Aljabar Linier
20061,705325,Logika Informatika
20061,705107,Pengantar Teknologi Informasi
20061,705219,Algoritma dan Pemrograman
20061,705217,Aljabar Linier
20061,705216,English Communication Skill
20061,705326,Organisasi  Arsitektur Komputer
20061,705327,Probabilitas dan Statistika
20061,705217,Aljabar Linier
20061,705105,Kalkulus I
20061,705217,Aljabar Linier
20061,705217,Aljabar Linier
20061,705211,Hadits dan Ilmu Hadits
20061,705218,Kalkulus II
20061,705217,Aljabar Linier
20061,705105,Kalkulus I
20061,705105,Kalkulus I
20061,705436,Metode Numerik
20061,705217,Aljabar Linier
20061,705322,Sejarah Peradaban Islam
20061,705107,Pengantar Teknologi Informasi
20061,705219,Algoritma dan Pemrograman
20061,705326,Organisasi  Arsitektur Komputer
20061,705107,Pengantar Teknologi Informasi
20061,705216,English Communication Skill
20061,705328,Komunikasi Data
20061,705109,Pengetahuan Lingkungan
20061,705325,Logika Informatika
20061,705434,Rekayasa Perangkat Lunak I 
20061,705109,Pengetahuan Lingkungan
20061,705213,Ilmu Budaya Dasar  Ilmu Sosial Dasar
20061,705535,Rekayasa Perangkat Lunak II
20061,705107,Pengantar Teknologi Informasi
20061,705216,English Communication Skill
20061,705106,Fisika Dasar
20061,705105,Kalkulus I
20061,705217,Aljabar Linier
20061,705325,Logika Informatika
20061,705219,Algoritma dan Pemrograman
20061,705326,Organisasi  Arsitektur Komputer
20061,705435B,Pemrograman Web I 
20061,705105,Kalkulus I
20061,705107,Pengantar Teknologi Informasi
20061,705219,Algoritma dan Pemrograman
20061,705216,English Communication Skill
20061,705328,Komunikasi Data
20061,705326,Organisasi  Arsitektur Komputer
20061,705605,Intelegensia Buatan
20061,MAT8304,Logika Informatika
20061,705605,Intelegensia Buatan
20061,705436,Metode Numerik
20061,705104,Bahasa Arab I
20061,705105,Kalkulus I
20061,705605,Intelegensia Buatan
20061,IF8101,Pengantar Teknologi Informasi
20061,705217,Aljabar Linier
20061,705105,Kalkulus I
20061,705431,Jaringan Komputer
20061,705434,Rekayasa Perangkat Lunak I 
20061,705328,Komunikasi Data
20061,705605,Intelegensia Buatan
20061,705107,Pengantar Teknologi Informasi
20061,705325,Logika Informatika
20061,705325,Logika Informatika
20061,705325,Logika Informatika
20061,705434,Rekayasa Perangkat Lunak I 
20061,705436,Metode Numerik
20061,705105,Kalkulus I
20061,705107,Pengantar Teknologi Informasi
20061,705328,Komunikasi Data
20061,705326,Organisasi  Arsitektur Komputer
20061,705325,Logika Informatika
20061,705105,Kalkulus I
20061,705328,Komunikasi Data
20061,705105,Kalkulus I
20061,705219,Algoritma dan Pemrograman
20061,705220,Komputer dan Masyarakat
20061,705326,Organisasi  Arsitektur Komputer
20061,705105,Kalkulus I
20061,705325,Logika Informatika
20061,705108,Kimia Dasar
20061,705534,Etika Profesi
20061,705105,Kalkulus I
20061,705219,Algoritma dan Pemrograman
20061,705326,Organisasi  Arsitektur Komputer
20061,705105,Kalkulus I
20061,705430,Matematika Diskrit
20061,705436,Metode Numerik
20061,705105,Kalkulus I
20061,705103,Bahasa Inggris
20061,705105,Kalkulus I
20061,705219,Algoritma dan Pemrograman
20061,705214,Ilmu TauhidAqidah
20061,705328,Komunikasi Data
20061,705325,Logika Informatika
20061,705108,Kimia Dasar
20061,705103,Bahasa Inggris
20061,705105,Kalkulus I
20061,705219,Algoritma dan Pemrograman
20061,705213,Ilmu Budaya Dasar  Ilmu Sosial Dasar
20061,705214,Ilmu TauhidAqidah
20061,705220,Komputer dan Masyarakat
20061,705328,Komunikasi Data
20061,705326,Organisasi  Arsitektur Komputer
20061,705324,Struktur Data
20061,705436,Metode Numerik
20061,705539,Teori Bahasa dan Otomata
20061,UN8208,Ilmu TauhidAqidah
20061,705105,Kalkulus I
20061,705214,Ilmu TauhidAqidah
20061,705605,Intelegensia Buatan
20061,705108,Kimia Dasar
20061,705605,Intelegensia Buatan
20061,705105,Kalkulus I
20061,705101,AlQuran Dan Ilmu Tafsir
20061,705211,Hadits dan Ilmu Hadits
20061,705214,Ilmu TauhidAqidah
20061,705220,Komputer dan Masyarakat
20061,705329,Pengantar Basis Data
20061,705436,Metode Numerik
20061,705220,Komputer dan Masyarakat
20061,705105,Kalkulus I
20071,705430,Matematika Diskrit
20071,705107,Pengantar Teknologi Informasi
20071,IF8101,Pengantar Teknologi Informasi
20071,705325,Logika Informatika
20071,705105,Kalkulus I
20071,705107,Pengantar Teknologi Informasi
20071,705430,Matematika Diskrit
20071,705103,Bahasa Inggris
20071,705217,Aljabar Linier
20071,705431,Jaringan Komputer
20071,705436,Metode Numerik
20071,705325,Logika Informatika
20071,705742,WirelessMobile Computing
20071,MAT8304,Logika Informatika
20071,IF8703P,WirelessMobile Computing
20071,705605,Intelegensia Buatan
20071,705430,Matematika Diskrit
20071,705325,Logika Informatika
20071,705105,Kalkulus I
20071,705430,Matematika Diskrit
20071,MAT8303,Matematika Diskrit
20071,705105,Kalkulus I
20071,705219,Algoritma dan Pemrograman
20071,705217,Aljabar Linier
20071,705325,Logika Informatika
20071,705431,Jaringan Komputer
20071,705107,Pengantar Teknologi Informasi
20071,705325,Logika Informatika
20071,705110,Pendidikan Pancasila dan Kewarganegaraan
20071,705325,Logika Informatika
20071,705431,Jaringan Komputer
20071,705106,Fisika Dasar
20071,705433,Sistem Teknologi Basis Data
20071,705105,Kalkulus I
20071,705107,Pengantar Teknologi Informasi
20071,705217,Aljabar Linier
20071,705218,Kalkulus II
20071,705431,Jaringan Komputer
20071,705537,Pemrograman Web II
20071,705605,Intelegensia Buatan
20071,IF8605,Intelegensia Buatan
20071,705325,Logika Informatika
20071,IF8404L,Praktikum Rekayasa Perangkat Lunak
20071,705105,Kalkulus I
20071,705436,Metode Numerik
20071,705605,Intelegensia Buatan
20071,705110,Pendidikan Pancasila dan Kewarganegaraan
20071,705107,Pengantar Teknologi Informasi
20071,IF8605,Intelegensia Buatan
20071,705217,Aljabar Linier
20071,705740,Kewirausahaan
20071,705218,Kalkulus II
20071,705325,Logika Informatika
20071,705101,AlQuran Dan Ilmu Tafsir
20071,705107,Pengantar Teknologi Informasi
20071,705214,Ilmu TauhidAqidah
20071,705105,Kalkulus I
20071,705219,Algoritma dan Pemrograman
20071,705217,Aljabar Linier
20071,705218,Kalkulus II
20071,705325,Logika Informatika
20071,705105,Kalkulus I
20071,705107,Pengantar Teknologi Informasi
20071,705217,Aljabar Linier
20071,705217,Aljabar Linier
20071,705107,Pengantar Teknologi Informasi
20071,705220,Komputer dan Masyarakat
20071,705217,Aljabar Linier
20071,705108,Kimia Dasar
20071,705327,Probabilitas dan Statistika
20071,705217,Aljabar Linier
20071,705105,Kalkulus I
20071,705217,Aljabar Linier
20071,705109,Pengetahuan Lingkungan
20071,705105,Kalkulus I
20071,705605,Intelegensia Buatan
20071,705325,Logika Informatika
20071,705534,Etika Profesi
20071,705105,Kalkulus I
20071,705217,Aljabar Linier
20071,705217,Aljabar Linier
20071,705217,Aljabar Linier
20071,705533,Riset Teknologi Informasi
20071,705105,Kalkulus I
20071,705325,Logika Informatika
20071,705217,Aljabar Linier
20071,705218,Kalkulus II
20071,705605,Intelegensia Buatan
20071,705107,Pengantar Teknologi Informasi
20071,IF8605,Intelegensia Buatan
20071,705107,Pengantar Teknologi Informasi
20071,705436,Metode Numerik
20071,705105,Kalkulus I
20071,705107,Pengantar Teknologi Informasi
20071,705219,Algoritma dan Pemrograman
20071,705105,Kalkulus I
20071,705108,Kimia Dasar
20071,705218,Kalkulus II
20071,705105,Kalkulus I
20071,705605,Intelegensia Buatan
20071,705108,Kimia Dasar
20071,705107,Pengantar Teknologi Informasi
20071,705106,Fisika Dasar
20071,705105,Kalkulus I
20071,705106,Fisika Dasar
20071,705108,Kimia Dasar
20071,705107,Pengantar Teknologi Informasi
20071,705220,Komputer dan Masyarakat
20071,705605,Intelegensia Buatan
20071,MAT8101,Kalkulus I
20071,705106,Fisika Dasar
20071,705325,Logika Informatika
20071,UN8208,Ilmu TauhidAqidah
20071,IF8605,Intelegensia Buatan
20071,IF8605,Intelegensia Buatan
20071,705325,Logika Informatika
20071,705106,Fisika Dasar
20071,705325,Logika Informatika
20071,705325,Logika Informatika
20071,705537,Pemrograman Web II
20071,705436,Metode Numerik
20071,705106,Fisika Dasar
20071,705328,Komunikasi Data
20071,705327,Probabilitas dan Statistika
20071,705330,Sistem Informasi
20071,705106,Fisika Dasar
20071,705330,Sistem Informasi
20071,705107,Pengantar Teknologi Informasi
20071,705325,Logika Informatika
20071,705431,Jaringan Komputer
20071,705430,Matematika Diskrit
20071,705433,Sistem Teknologi Basis Data
20071,705325,Logika Informatika
20071,705106,Fisika Dasar
20071,705219,Algoritma dan Pemrograman
20071,705106,Fisika Dasar
20071,705107,Pengantar Teknologi Informasi
20071,705436,Metode Numerik
20071,705431,Jaringan Komputer
20071,705430,Matematika Diskrit
20071,705436,Metode Numerik
20071,705433,Sistem Teknologi Basis Data
20071,705537,Pemrograman Web II
20071,705649,Sistem Informasi Geografis
20071,705106,Fisika Dasar
20071,705325,Logika Informatika
20071,705436,Metode Numerik
20071,705325,Logika Informatika
20071,MAT8304,Logika Informatika
20081,MAT8101,Kalkulus I
20081,KIM8101,Kimia Dasar
20081,KIM8101L,Praktikum Kimia Dasar
20081,IF8301,Algoritma dan Struktur Data
20081,IF8301L,Praktikum Algoritma dan Struktur Data
20081,IF8401L,Praktikum Basis Data
20081,EL8201,Dasar Rangkaian Elektrik
20081,IF8501,Sistem Basis Data
20081,IF8605,Intelegensia Buatan
20081,IF8703P,WirelessMobile Computing
20081,IF8801,Kewirausahaan dan Etika Bisnis
20081,IF8601L,Praktikum Jaringan Komputer Lanjut
20081,IF8603,Kriptografi
20081,IF8603L,Praktikum Kriptografi
20081,FIS8101,Fisika Dasar
20081,IF8605,Intelegensia Buatan
20081,IF8603,Kriptografi
20081,IF8602,Pemrograman Internet
20081,IF8603L,Praktikum Kriptografi
20081,IF8603,Kriptografi
20081,IF8603L,Praktikum Kriptografi
20081,UN8104,Bahasa Inggris
20081,IF8603,Kriptografi
20081,IF8603L,Praktikum Kriptografi
20081,MAT8302,Matematika Teknik
20081,UN8104,Bahasa Inggris
20081,IF8605,Intelegensia Buatan
20081,IF8603,Kriptografi
20081,IF8603L,Praktikum Kriptografi
20081,FIS8101,Fisika Dasar
20081,UN8104,Bahasa Inggris
20081,IF8603,Kriptografi
20081,IF8603L,Praktikum Kriptografi
20081,IF8605,Intelegensia Buatan
20081,IF8507,Komunikasi Antar Personel
20081,FIS8101,Fisika Dasar
20081,FIS8101,Fisika Dasar
20081,IF8201,Dasar Pemrograman
20081,IF8201L,Praktikum Dasar Pemrograman
20081,FIS8101,Fisika Dasar
20081,MAT8101,Kalkulus I
20081,MAT8304,Logika Informatika
20081,UN8104,Bahasa Inggris
20081,IF8201,Dasar Pemrograman
20081,IF8201L,Praktikum Dasar Pemrograman
20081,IF8301,Algoritma dan Struktur Data
20081,IF8301L,Praktikum Algoritma dan Struktur Data
20081,UN8104,Bahasa Inggris
20081,IF8603,Kriptografi
20081,IF8603L,Praktikum Kriptografi
20081,UN8104,Bahasa Inggris
20081,IF8603,Kriptografi
20081,IF8603L,Praktikum Kriptografi
20081,UN8104,Bahasa Inggris
20081,MAT8301,Probabilitas dan Statistika
20081,IF8605,Intelegensia Buatan
20081,IF8101,Pengantar Teknologi Informasi
20081,UN8104,Bahasa Inggris
20081,MAT8302,Matematika Teknik
20081,IF8603,Kriptografi
20081,IF8603L,Praktikum Kriptografi
20081,IF8101,Pengantar Teknologi Informasi
20081,MAT8302,Matematika Teknik
20081,IF8402L,Praktikum Pemrograman Berorientasi Objek
20081,MAT8304,Logika Informatika
20081,IF8605,Intelegensia Buatan
20081,IF8501,Sistem Basis Data
20081,UN8205,Hadits dan Ilmu Hadits
20081,MAT8101,Kalkulus I
20081,MAT8304,Logika Informatika
20081,IF8503,Sistem Informasi
20081,MAT8304,Logika Informatika
20081,IF8605,Intelegensia Buatan
20081,IF8601,Jaringan Komputer Lanjut
20081,EL8201,Dasar Rangkaian Elektrik
20081,UN8204,Filsafat dan Pengetahuan Lingkungan
20081,UN8205,Hadits dan Ilmu Hadits
20081,FIS8101,Fisika Dasar
20081,IF8401L,Praktikum Basis Data
20081,UN8103,Bahasa Indonesia
20081,UN8205,Hadits dan Ilmu Hadits
20081,IF8603,Kriptografi
20081,IF8603L,Praktikum Kriptografi
20081,EKM8701,Pengantar Ekonomi Makro
20081,MAT8304,Logika Informatika
20081,IF8603,Kriptografi
20081,IF8603L,Praktikum Kriptografi
20081,UN8205,Hadits dan Ilmu Hadits
20081,MAT8302,Matematika Teknik
20081,IF8703,Metode Penelitian
20081,IF8507,Komunikasi Antar Personel
20081,EL8201,Dasar Rangkaian Elektrik
20081,IF8605,Intelegensia Buatan
20081,IF8603,Kriptografi
20081,IF8603L,Praktikum Kriptografi
20081,IF8201,Dasar Pemrograman
20081,IF8201L,Praktikum Dasar Pemrograman
20081,MAT8201,Kalkulus II
20081,MAT8302,Matematika Teknik
20081,MAT8304,Logika Informatika
20081,MAT8302,Matematika Teknik
20081,MAT8201,Kalkulus II
20081,UN8301,Sejarah Peradaban Islam
20081,IF8403,Organisasi dan  Arsitektur Komputer
20081,IF8401L,Praktikum Basis Data
20081,IF8402L,Praktikum Pemrograman Berorientasi Objek
20081,MAT8201,Kalkulus II
20081,MAT8303,Matematika Diskrit
20081,MAT8301,Probabilitas dan Statistika
20081,IF8605,Intelegensia Buatan
20081,IF8402L,Praktikum Pemrograman Berorientasi Objek
20081,IF8402L,Praktikum Pemrograman Berorientasi Objek
20081,MAT8201,Kalkulus II
20081,MAT8201,Kalkulus II
20081,IF8703P,WirelessMobile Computing
20081,MAT8201,Kalkulus II
20081,MAT8301,Probabilitas dan Statistika
20081,EL8301,Teknik Dijital
20081,MAT8201,Kalkulus II
20081,IF8301,Algoritma dan Struktur Data
20081,MAT8302,Matematika Teknik
20081,IF8301L,Praktikum Algoritma dan Struktur Data
20081,MAT8301,Probabilitas dan Statistika
20081,MAT8201,Kalkulus II
20081,IF8605,Intelegensia Buatan
20081,MAT8201,Kalkulus II
20081,MAT8304,Logika Informatika
20081,MAT8301,Probabilitas dan Statistika
20081,IF8402L,Praktikum Pemrograman Berorientasi Objek
20081,MAT8201,Kalkulus II
20081,IF8401L,Praktikum Basis Data
20081,EL8301,Teknik Dijital
20081,MAT8304,Logika Informatika
20081,EL8301L,Praktikum Teknik Digital
20081,IF8201,Dasar Pemrograman
20081,MAT8201,Kalkulus II
20081,IF8201L,Praktikum Dasar Pemrograman
20081,MAT8201,Kalkulus II
20081,MAT8302,Matematika Teknik
20081,MAT8201,Kalkulus II
20081,MAT8201,Kalkulus II
20081,KIM8101,Kimia Dasar
20081,KIM8101L,Praktikum Kimia Dasar
20081,IF8201,Dasar Pemrograman
20081,EL8201,Dasar Rangkaian Elektrik
20081,IF8201L,Praktikum Dasar Pemrograman
20081,IF8301,Algoritma dan Struktur Data
20081,IF8301L,Praktikum Algoritma dan Struktur Data
20081,KIM8101,Kimia Dasar
20081,KIM8101L,Praktikum Kimia Dasar
20081,MAT8304,Logika Informatika
20081,KIM8101,Kimia Dasar
20081,KIM8101L,Praktikum Kimia Dasar
20081,MAT8201,Kalkulus II
20081,MAT8101,Kalkulus I
20081,KIM8101,Kimia Dasar
20081,KIM8101L,Praktikum Kimia Dasar
20081,KIM8101,Kimia Dasar
20081,KIM8101L,Praktikum Kimia Dasar
20081,EL8201,Dasar Rangkaian Elektrik
20081,FIS8101,Fisika Dasar
20081,IF8301,Algoritma dan Struktur Data
20081,IF8301L,Praktikum Algoritma dan Struktur Data
20081,MAT8301,Probabilitas dan Statistika
20081,IF8201,Dasar Pemrograman
20081,IF8201L,Praktikum Dasar Pemrograman
20081,FIS8101,Fisika Dasar
20081,EL8201,Dasar Rangkaian Elektrik
20081,FIS8101,Fisika Dasar
20081,KIM8101,Kimia Dasar
20081,KIM8101L,Praktikum Kimia Dasar
20081,MAT8302,Matematika Teknik
20081,IF8405,Teori Bahasa dan Otomata
20081,MAT8101,Kalkulus I
20081,KIM8101,Kimia Dasar
20081,KIM8101L,Praktikum Kimia Dasar
20081,IF8301,Algoritma dan Struktur Data
20081,IF8301L,Praktikum Algoritma dan Struktur Data
20081,IF8403,Organisasi dan  Arsitektur Komputer
20081,IF8402L,Praktikum Pemrograman Berorientasi Objek
20081,IF8507,Komunikasi Antar Personel
20081,MAT8101,Kalkulus I
20081,EL8201,Dasar Rangkaian Elektrik
20081,MAN8601,Manajemen
20081,KIM8101,Kimia Dasar
20081,KIM8101L,Praktikum Kimia Dasar
20081,IF8405,Teori Bahasa dan Otomata
20081,FIS8101,Fisika Dasar
20081,MAT8101,Kalkulus I
20081,FIS8101L,Praktikum Fisika Dasar
20081,IF8605,Intelegensia Buatan
20081,IF8605,Intelegensia Buatan
20081,MAT8101,Kalkulus I
20081,KIM8101,Kimia Dasar
20081,KIM8101L,Praktikum Kimia Dasar
20081,MAT8201,Kalkulus II
20081,IF8605,Intelegensia Buatan
20081,IF8605,Intelegensia Buatan
20081,FIS8101,Fisika Dasar
20081,MAT8101,Kalkulus I
20081,KIM8101L,Praktikum Kimia Dasar
20081,EL8201,Dasar Rangkaian Elektrik
20081,FIS8101,Fisika Dasar
20081,EL8201,Dasar Rangkaian Elektrik
20081,UN8101,AlQuran dan Ilmu Tafsir
20081,MAT8201,Kalkulus II
20081,MAT8302,Matematika Teknik
20081,FIS8101,Fisika Dasar
20081,FIS8101,Fisika Dasar
20081,UN8104,Bahasa Inggris
20081,IF8605,Intelegensia Buatan
20081,UN8101,AlQuran dan Ilmu Tafsir
20081,MAT8201,Kalkulus II
20081,MAT8201,Kalkulus II
20081,IF8605,Intelegensia Buatan
20081,IF8601L,Praktikum Jaringan Komputer Lanjut
20081,FIS8101,Fisika Dasar
20081,EL8301L,Praktikum Teknik Digital
20081,EL8301,Teknik Dijital
20081,UN8101,AlQuran dan Ilmu Tafsir
20081,MAT8201,Kalkulus II
20081,MAT8201,Kalkulus II
20081,UN8104,Bahasa Inggris
20081,MAT8201,Kalkulus II
20081,MAT8304,Logika Informatika
20081,MAT8302,Matematika Teknik
20081,IF8605,Intelegensia Buatan
20081,EL8201,Dasar Rangkaian Elektrik
20081,MAT8201,Kalkulus II
20081,IF8605,Intelegensia Buatan
20081,MAT8201,Kalkulus II
20081,IF8605,Intelegensia Buatan
20081,UN8205,Hadits dan Ilmu Hadits
20081,EL8301L,Praktikum Teknik Digital
20081,EL8301,Teknik Dijital
20081,IF8401L,Praktikum Basis Data
20081,MAT8201,Kalkulus II
20081,MAT8304,Logika Informatika
20081,UN8103,Bahasa Indonesia
20081,MAT8201,Kalkulus II
20081,MAT8304,Logika Informatika
20081,UN8101,AlQuran dan Ilmu Tafsir
20081,MAT8201,Kalkulus II
20081,MAT8201,Kalkulus II
20081,MAT8101,Kalkulus I
20081,IF8605,Intelegensia Buatan
20081,IF8505,Jaringan Komputer
20081,IF8603L,Praktikum Kriptografi
20081,IF8401,Basis Data
20081,EL8201,Dasar Rangkaian Elektrik
20081,IF8401L,Praktikum Basis Data
20081,MAT8101,Kalkulus I
20081,MAT8201,Kalkulus II
20081,EL8201,Dasar Rangkaian Elektrik
20081,MAT8201,Kalkulus II
20081,MAT8201,Kalkulus II
20091,MAT8201,Kalkulus II
20091,MAT8101,Kalkulus I
20091,MAT8201,Kalkulus II
20091,MAT8304,Logika Informatika
20091,MAT8201,Kalkulus II
20091,MAT8304,Logika Informatika
20091,MAT8303,Matematika Diskrit
20091,IF8301L,Praktikum Algoritma dan Struktur Data
20091,EL8301,Teknik Dijital
20091,IF8502L,Praktikum Rekayasa Perangkat Lunak Lanjut
20091,IF8503,Sistem Informasi
20091,MAT8304,Logika Informatika
20091,EKT8801,Ekonomi Teknik
20091,MAT8201,Kalkulus II
20091,IF8201L,Praktikum Dasar Pemrograman
20091,IF8301,Algoritma dan Struktur Data
20091,MAT8304,Logika Informatika
20091,IF8301L,Praktikum Algoritma dan Struktur Data
20091,MAT8201,Kalkulus II
20091,MAT8304,Logika Informatika
20091,IF8301L,Praktikum Algoritma dan Struktur Data
20091,FIS8101,Fisika Dasar
20091,KIM8101,Kimia Dasar
20091,FIS8101L,Praktikum Fisika Dasar
20091,KIM8101L,Praktikum Kimia Dasar
20091,KIM8101,Kimia Dasar
20091,IF8402L,Praktikum Pemrograman Berorientasi Objek
20091,MAT8201,Kalkulus II
20091,MAT8302,Matematika Teknik
20091,IF8301L,Praktikum Algoritma dan Struktur Data
20091,MAT8101,Kalkulus I
20091,EL8201,Dasar Rangkaian Elektrik
20091,MAT8201,Kalkulus II
20091,MAT8303,Matematika Diskrit
20091,IF8403,Organisasi dan  Arsitektur Komputer
20091,IF8502L,Praktikum Rekayasa Perangkat Lunak Lanjut
20091,IF8605,Intelegensia Buatan
20091,IF8601L,Praktikum Jaringan Komputer Lanjut
20091,UN8207,Ilmu Fiqih
20091,UN8208,Ilmu TauhidAqidah
20091,MAT8201,Kalkulus II
20091,MAT8303,Matematika Diskrit
20091,MAT8201,Kalkulus II
20091,MAT8304,Logika Informatika
20091,UN8104,Bahasa Inggris
20091,IF8101,Pengantar Teknologi Informasi
20091,EL8201,Dasar Rangkaian Elektrik
20091,IF8301,Algoritma dan Struktur Data
20091,IF8101,Pengantar Teknologi Informasi
20091,IF8301L,Praktikum Algoritma dan Struktur Data
20091,IF8603L,Praktikum Kriptografi
20091,IF8407,Grafika Komputer
20091,IF8702,Proyek Perangkat Lunak
20091,IF8801,Kewirausahaan dan Etika Bisnis
20091,MAT8201,Kalkulus II
20091,MAT8201,Kalkulus II
20091,IF8301,Algoritma dan Struktur Data
20091,MAT8304,Logika Informatika
20091,MAT8101,Kalkulus I
20091,IF8402,Pemrograman Berorientasi Objek
20091,EKT8801,Ekonomi Teknik
20091,KIM8101,Kimia Dasar
20091,KIM8101L,Praktikum Kimia Dasar
20091,EL8201,Dasar Rangkaian Elektrik
20091,IF8605,Intelegensia Buatan
20091,UN8208,Ilmu TauhidAqidah
20091,IF8301,Algoritma dan Struktur Data
20091,IF8402L,Praktikum Pemrograman Berorientasi Objek
20091,IF8603,Kriptografi
20091,EL8201,Dasar Rangkaian Elektrik
20091,MAT8301,Probabilitas dan Statistika
20091,IF8603,Kriptografi
20091,EKT8801,Ekonomi Teknik
20091,IF8801,Kewirausahaan dan Etika Bisnis
20091,MAT8101,Kalkulus I
20091,MAT8303,Matematika Diskrit
20091,IF8402L,Praktikum Pemrograman Berorientasi Objek
20091,EL8301,Teknik Dijital
20091,MAT8201,Kalkulus II
20091,MAT8304,Logika Informatika
20091,IF8402L,Praktikum Pemrograman Berorientasi Objek
20091,IF8402L,Praktikum Pemrograman Berorientasi Objek
20091,IF8801,Kewirausahaan dan Etika Bisnis
20091,IF8801,Kewirausahaan dan Etika Bisnis
20091,EL8201,Dasar Rangkaian Elektrik
20091,MAT8303,Matematika Diskrit
20091,MAT8101,Kalkulus I
20091,IF8402L,Praktikum Pemrograman Berorientasi Objek
20091,MAT8201,Kalkulus II
20091,MAT8304,Logika Informatika
20091,MAT8101,Kalkulus I
20091,MAT8201,Kalkulus II
20091,MAT8201,Kalkulus II
20091,MAT8101,Kalkulus I
20091,IF8402L,Praktikum Pemrograman Berorientasi Objek
20091,FIS8101,Fisika Dasar
20091,FIS8101L,Praktikum Fisika Dasar
20091,FIS8101,Fisika Dasar
20091,KIM8101,Kimia Dasar
20091,FIS8101L,Praktikum Fisika Dasar
20091,KIM8101L,Praktikum Kimia Dasar
20091,EL8201,Dasar Rangkaian Elektrik
20091,FIS8101,Fisika Dasar
20091,MAT8101,Kalkulus I
20091,KIM8101,Kimia Dasar
20091,FIS8101L,Praktikum Fisika Dasar
20091,KIM8101L,Praktikum Kimia Dasar
20091,MAT8201,Kalkulus II
20091,MAT8303,Matematika Diskrit
20091,IF8301,Algoritma dan Struktur Data
20091,UN8201,Akhlak Tasawuf
20091,IF8402L,Praktikum Pemrograman Berorientasi Objek
20091,KIM8101,Kimia Dasar
20091,KIM8101L,Praktikum Kimia Dasar
20091,MAT8303,Matematika Diskrit
20091,IF8403,Organisasi dan  Arsitektur Komputer
20091,UN8201,Akhlak Tasawuf
20091,UN8201,Akhlak Tasawuf
20091,EKT8801,Ekonomi Teknik
20091,MAT8303,Matematika Diskrit
20091,EL8201,Dasar Rangkaian Elektrik
20091,IF8301,Algoritma dan Struktur Data
20091,MAT8303,Matematika Diskrit
20091,IF8301L,Praktikum Algoritma dan Struktur Data
20091,MAT8303,Matematika Diskrit
20091,IF8701L,Praktikum Sistem Multimedia
20091,IF8801,Kewirausahaan dan Etika Bisnis
20091,MAT8101,Kalkulus I
20091,MAT8303,Matematika Diskrit
20091,IF8402L,Praktikum Pemrograman Berorientasi Objek
20091,MAT8201,Kalkulus II
20091,IF8506,Interaksi Manusia dan Komputer
20091,MAT8101,Kalkulus I
20091,IF8201,Dasar Pemrograman
20091,UN8207,Ilmu Fiqih
20091,MAT8201,Kalkulus II
20091,UN8104,Bahasa Inggris
20091,MAT8201,Kalkulus II
20091,MAT8302,Matematika Teknik
20091,IF8404L,Praktikum Rekayasa Perangkat Lunak
20091,MAT8101,Kalkulus I
20091,IF8301,Algoritma dan Struktur Data
20091,MAT8303,Matematika Diskrit
20091,MAT8303,Matematika Diskrit
20091,IF8407,Grafika Komputer
20091,MAT8303,Matematika Diskrit
20091,MAT8101,Kalkulus I
20091,IF8402L,Praktikum Pemrograman Berorientasi Objek
20091,MAT8201,Kalkulus II
20091,IF8101,Pengantar Teknologi Informasi
20091,IF8507,Komunikasi Antar Personel
20091,MAT8201,Kalkulus II
20091,IF8301,Algoritma dan Struktur Data
20091,IF8301,Algoritma dan Struktur Data
20091,IF8301,Algoritma dan Struktur Data
20091,IF8402L,Praktikum Pemrograman Berorientasi Objek
20091,MAT8201,Kalkulus II
20091,EL8201,Dasar Rangkaian Elektrik
20091,IF8201L,Praktikum Dasar Pemrograman
20091,MAT8303,Matematika Diskrit
20091,IF8301L,Praktikum Algoritma dan Struktur Data
20091,IF8507,Komunikasi Antar Personel
20091,MAT8201,Kalkulus II
20091,MAT8303,Matematika Diskrit
20091,MAT8303,Matematika Diskrit
20091,IF8403,Organisasi dan  Arsitektur Komputer
20091,MAT8201,Kalkulus II
20091,MAT8201,Kalkulus II
20091,IF8201L,Praktikum Dasar Pemrograman
20091,MAT8201,Kalkulus II
20091,IF8301,Algoritma dan Struktur Data
20091,IF8301L,Praktikum Algoritma dan Struktur Data
20091,MAT8201,Kalkulus II
20091,IF8301L,Praktikum Algoritma dan Struktur Data
20091,IF8402L,Praktikum Pemrograman Berorientasi Objek
20091,IF8604,Sistem Terdistribusi
20091,UN8102,Bahasa Arab I
20091,FIS8101,Fisika Dasar
20091,FIS8101L,Praktikum Fisika Dasar
20091,MAT8201,Kalkulus II
20091,IF8301,Algoritma dan Struktur Data
20091,IF8402L,Praktikum Pemrograman Berorientasi Objek
20091,MAT8201,Kalkulus II
20091,UN8208,Ilmu TauhidAqidah
20091,MAT8201,Kalkulus II
20091,MAT8303,Matematika Diskrit
20091,EL8301,Teknik Dijital
20091,IF8402L,Praktikum Pemrograman Berorientasi Objek
20091,MAT8303,Matematika Diskrit
20091,MAT8201,Kalkulus II
20091,MAT8304,Logika Informatika
20091,IF8301L,Praktikum Algoritma dan Struktur Data
20091,MAT8101,Kalkulus I
20091,MAT8101,Kalkulus I
20091,KIM8101,Kimia Dasar
20091,EL8201,Dasar Rangkaian Elektrik
20091,MAT8201,Kalkulus II
20091,IF8402L,Praktikum Pemrograman Berorientasi Objek
20091,IF8402L,Praktikum Pemrograman Berorientasi Objek
20091,MAT8201,Kalkulus II
20091,MAT8201,Kalkulus II
20091,MAT8304,Logika Informatika
20091,IF8301L,Praktikum Algoritma dan Struktur Data
20091,MAT8101,Kalkulus I
20091,MAT8101,Kalkulus I
20091,MAT8201,Kalkulus II
20091,IF8301,Algoritma dan Struktur Data
20091,IF8402L,Praktikum Pemrograman Berorientasi Objek
20091,FIS8101,Fisika Dasar
20091,FIS8101L,Praktikum Fisika Dasar
20091,IF8407,Grafika Komputer
20101,MAT8201,Kalkulus II
20101,IF8507,Komunikasi Antar Personel
20101,KIM8101,Kimia Dasar
20101,IF8201L,Praktikum Dasar Pemrograman
20101,MAT8303,Matematika Diskrit
20101,IF8407,Grafika Komputer
20101,MAT8201,Kalkulus II
20101,MAT8101,Kalkulus I
20101,MAT8201,Kalkulus II
20101,IF8605,Intelegensia Buatan
20101,MAT8201,Kalkulus II
20101,MAT8201,Kalkulus II
20101,IF8201L,Praktikum Dasar Pemrograman
20101,MAT8201,Kalkulus II
20101,MAT8201,Kalkulus II
20101,MAT8201,Kalkulus II
20101,MAT8301,Probabilitas dan Statistika
20101,IF8402L,Praktikum Pemrograman Berorientasi Objek
20101,IF8406,Strategi Algoritma
20101,IF8407,Grafika Komputer
20101,IF8703,Metode Penelitian
20101,EKT8801,Ekonomi Teknik
20101,KIM8101,Kimia Dasar
20101,IF8201,Dasar Pemrograman
20101,MAT8301,Probabilitas dan Statistika
20101,IF8407,Grafika Komputer
20101,IF8403,Organisasi dan  Arsitektur Komputer
20101,KIM8101L,Praktikum Kimia Dasar
20101,MAT8201,Kalkulus II
20101,MAT8303,Matematika Diskrit
20101,IF8407,Grafika Komputer
20101,IF8404,Rekayasa Perangkat Lunak
20101,MAT8201,Kalkulus II
20101,MAT8304,Logika Informatika
20101,MAT8201,Kalkulus II
20101,MAT8301,Probabilitas dan Statistika
20101,MAT8201,Kalkulus II
20101,KIM8101,Kimia Dasar
20101,MAT8201,Kalkulus II
20101,IF8605,Intelegensia Buatan
20101,EKT8801,Ekonomi Teknik
20101,MAT8201,Kalkulus II
20101,MAT8201,Kalkulus II
20101,MAT8101,Kalkulus I
20101,EKT8801,Ekonomi Teknik
20101,IF8201L,Praktikum Dasar Pemrograman
20101,MAT8101,Kalkulus I
20101,MAT8101,Kalkulus I
20101,MAT8303,Matematika Diskrit
20101,KIM8101,Kimia Dasar
20101,IF8401L,Praktikum Basis Data
20101,KIM8101,Kimia Dasar
20101,IF8706P,Sistem Informasi Enterprise
20101,MAT8101,Kalkulus I
20101,MAT8201,Kalkulus II
20101,IF8401L,Praktikum Basis Data
20101,IF8401L,Praktikum Basis Data
20101,IF8603,Kriptografi
20101,IF8701,Sistem Multimedia
20101,IF8701P,ECommerce
20101,MAT8101,Kalkulus I
20101,MAT8201,Kalkulus II
20101,MAT8301,Probabilitas dan Statistika
20101,EKT8801,Ekonomi Teknik
20101,MAT8101,Kalkulus I
20101,KIM8101,Kimia Dasar
20101,KIM8101L,Praktikum Kimia Dasar
20101,EL8201,Dasar Rangkaian Elektrik
20101,MAT8303,Matematika Diskrit
20101,MAT8302,Matematika Teknik
20101,MAT8101,Kalkulus I
20101,MAT8201,Kalkulus II
20101,IF8201L,Praktikum Dasar Pemrograman
20101,MAT8201,Kalkulus II
20101,MAT8101,Kalkulus I
20101,IF8706P,Sistem Informasi Enterprise
20101,EL8201,Dasar Rangkaian Elektrik
20101,MAT8302,Matematika Teknik
20101,IF8507,Komunikasi Antar Personel
20101,IF8603,Kriptografi
20101,IF8703,Metode Penelitian
20101,EKT8801,Ekonomi Teknik
20101,IF8708P,Data Mining
20101,IF8201,Dasar Pemrograman
20101,MAT8201,Kalkulus II
20101,IF8201L,Praktikum Dasar Pemrograman
20101,FIS8101,Fisika Dasar
20101,EL8201,Dasar Rangkaian Elektrik
20101,UN8208,Ilmu TauhidAqidah
20101,UN8201,Akhlak Tasawuf
20101,EL8201,Dasar Rangkaian Elektrik
20101,MAT8101,Kalkulus I
20101,EL8301L,Praktikum Teknik Digital
20101,FIS8101,Fisika Dasar
20101,EKT8801,Ekonomi Teknik
20101,FIS8101L,Praktikum Fisika Dasar
20101,EL8201,Dasar Rangkaian Elektrik
20101,MAT8201,Kalkulus II
20101,IF8601L,Praktikum Jaringan Komputer Lanjut
20101,IF8801,Kewirausahaan dan Etika Bisnis
20101,IF8602,Pemrograman Internet
20101,MAT8301,Probabilitas dan Statistika
20101,IF8604,Sistem Terdistribusi
20101,IF8703,Metode Penelitian
20101,MAT8301,Probabilitas dan Statistika
20101,EL8301L,Praktikum Teknik Digital
20101,IF8502L,Praktikum Rekayasa Perangkat Lunak Lanjut
20101,MAT8301,Probabilitas dan Statistika
20101,FIS8101,Fisika Dasar
20101,EL8201,Dasar Rangkaian Elektrik
20101,MAT8201,Kalkulus II
20101,EL8301L,Praktikum Teknik Digital
20101,EL8201,Dasar Rangkaian Elektrik
20101,FIS8101,Fisika Dasar
20101,EL8301L,Praktikum Teknik Digital
20101,IF8703,Metode Penelitian
20101,FIS8101L,Praktikum Fisika Dasar
20101,EL8201,Dasar Rangkaian Elektrik
20101,IF8801,Kewirausahaan dan Etika Bisnis
20101,FIS8101L,Praktikum Fisika Dasar
20101,IF8504,Sistem Operasi
20101,FIS8101,Fisika Dasar
20101,IF8201,Dasar Pemrograman
20101,EL8201,Dasar Rangkaian Elektrik
20101,UN8208,Ilmu TauhidAqidah
20101,IF8201L,Praktikum Dasar Pemrograman
20101,MAT8304,Logika Informatika
20101,FIS15101,Fisika Dasar
20101,IF15102L,Praktikum Dasar Pemrograman
20101,IF8801,Kewirausahaan dan Etika Bisnis
20101,FIS15101,Fisika Dasar
20101,FIS8101,Fisika Dasar
20101,IF8407,Grafika Komputer
20101,UN8208,Ilmu TauhidAqidah
20101,IF8201L,Praktikum Dasar Pemrograman
20101,MAT8302,Matematika Teknik
20101,IF8401,Basis Data
20101,IF8401L,Praktikum Basis Data
20101,FIS8101,Fisika Dasar
20101,IF8201L,Praktikum Dasar Pemrograman
20101,MAT8301,Probabilitas dan Statistika
20101,MAT8101,Kalkulus I
20101,FIS8101,Fisika Dasar
20101,MAT8101,Kalkulus I
20101,IF8201,Dasar Pemrograman
20101,EL8201,Dasar Rangkaian Elektrik
20101,IF8401L,Praktikum Basis Data
20101,IF8703,Metode Penelitian
20101,IF8504,Sistem Operasi
20101,IF8506,Interaksi Manusia dan Komputer
20101,IF8703,Metode Penelitian
20101,EL8201,Dasar Rangkaian Elektrik
20101,MAT8101,Kalkulus I
20101,MAT8302,Matematika Teknik
20101,IF8407,Grafika Komputer
20101,FIS8101,Fisika Dasar
20101,IF8407,Grafika Komputer
20101,MAT8101,Kalkulus I
20101,IF8301,Algoritma dan Struktur Data
20101,MAT8304,Logika Informatika
20101,MAT8303,Matematika Diskrit
20101,EKM8701,Pengantar Ekonomi Makro
20101,MAT8101,Kalkulus I
20101,IF8407,Grafika Komputer
20101,FIS8101,Fisika Dasar
20101,MAT8101,Kalkulus I
20101,MAT8304,Logika Informatika
20101,EL8301L,Praktikum Teknik Digital
20101,MAT8301,Probabilitas dan Statistika
20101,MAT8301,Probabilitas dan Statistika
20101,IF8407,Grafika Komputer
20101,MAT8301,Probabilitas dan Statistika
20101,EKT8801,Ekonomi Teknik
20101,IF8708P,Data Mining
20101,EKT8801,Ekonomi Teknik
20111,MAT8101,Kalkulus I
20111,MAT8101,Kalkulus I
20111,IF8502L,Praktikum Rekayasa Perangkat Lunak Lanjut
20111,IF8404,Rekayasa Perangkat Lunak
20111,KIM8101L,Praktikum Kimia Dasar
20111,IF8301L,Praktikum Algoritma dan Struktur Data
20111,MAT8303,Matematika Diskrit
20111,EL8301L,Praktikum Teknik Digital
20111,IF8401L,Praktikum Basis Data
20111,EKM8701,Pengantar Ekonomi Makro
20111,IF8605,Intelegensia Buatan
20111,EKM8701,Pengantar Ekonomi Makro
20111,EL8301L,Praktikum Teknik Digital
20111,IF8605,Intelegensia Buatan
20111,EL8301,Teknik Dijital
20111,MAT8101,Kalkulus I
20111,MAT8101,Kalkulus I
20111,KIM8101L,Praktikum Kimia Dasar
20111,IF8201L,Praktikum Dasar Pemrograman
20111,MAT8304,Logika Informatika
20111,MAT8303,Matematika Diskrit
20111,EL8301,Teknik Dijital
20111,MAN8601,Manajemen
20111,MAT8304,Logika Informatika
20111,EKT8801,Ekonomi Teknik
20111,MAT8101,Kalkulus I
20111,IF8301,Algoritma dan Struktur Data
20111,MAT8303,Matematika Diskrit
20111,UN8203,English for Special Purpose
20111,EKT8801,Ekonomi Teknik
20111,IF8602,Pemrograman Internet
20111,IF8801,Kewirausahaan dan Etika Bisnis
20111,IF8710P,Sistem Cerdas
20111,EL8301,Teknik Dijital
20111,IF8506,Interaksi Manusia dan Komputer
20111,IF8507,Komunikasi Antar Personel
20111,IF8506,Interaksi Manusia dan Komputer
20111,IF8504,Sistem Operasi
20111,UN8104,Bahasa Inggris
20111,MAT8201,Kalkulus II
20111,IF8301,Algoritma dan Struktur Data
20111,MAT8304,Logika Informatika
20111,MAT8304,Logika Informatika
20111,IF8301L,Praktikum Algoritma dan Struktur Data
20111,EL8301,Teknik Dijital
20111,IF8601L,Praktikum Jaringan Komputer Lanjut
20111,EKT8801,Ekonomi Teknik
20111,IF8701L,Praktikum Sistem Multimedia
20111,IF8401,Basis Data
20111,IF8706P,Sistem Informasi Enterprise
20111,MAT8101,Kalkulus I
20111,KIM8101,Kimia Dasar
20111,MAT8201,Kalkulus II
20111,MAT8302,Matematika Teknik
20111,MAT8201,Kalkulus II
20111,IF8301L,Praktikum Algoritma dan Struktur Data
20111,IF8404L,Praktikum Rekayasa Perangkat Lunak
20111,MAT8201,Kalkulus II
20111,IF8201L,Praktikum Dasar Pemrograman
20111,EKM8701,Pengantar Ekonomi Makro
20111,KIM8101,Kimia Dasar
20111,KIM8101L,Praktikum Kimia Dasar
20111,MAT8201,Kalkulus II
20111,IF8201L,Praktikum Dasar Pemrograman
20111,MAN8601,Manajemen
20111,IF8801,Kewirausahaan dan Etika Bisnis
20111,IF8801,Kewirausahaan dan Etika Bisnis
20111,EL8201,Dasar Rangkaian Elektrik
20111,IF8301,Algoritma dan Struktur Data
20111,MAT8304,Logika Informatika
20111,UN8102,Bahasa Arab I
20111,IF8301,Algoritma dan Struktur Data
20111,EL8301L,Praktikum Teknik Digital
20111,MAT8101,Kalkulus I
20111,IF8201L,Praktikum Dasar Pemrograman
20111,IF8301,Algoritma dan Struktur Data
20111,MAT8304,Logika Informatika
20111,IF8502L,Praktikum Rekayasa Perangkat Lunak Lanjut
20111,IF8703,Metode Penelitian
20111,MAT8304,Logika Informatika
20111,MAT8101,Kalkulus I
20111,MAT8101,Kalkulus I
20111,MAT8101,Kalkulus I
20111,EL8301,Teknik Dijital
20111,MAT8304,Logika Informatika
20111,MAT8101,Kalkulus I
20111,MAT8101,Kalkulus I
20111,MAT8304,Logika Informatika
20111,IF8301L,Praktikum Algoritma dan Struktur Data
20111,IF8602,Pemrograman Internet
20111,MAT8304,Logika Informatika
20111,IF8602,Pemrograman Internet
20111,MAT8101,Kalkulus I
20111,EL8301,Teknik Dijital
20111,IF8507,Komunikasi Antar Personel
20111,EKM8701,Pengantar Ekonomi Makro
20111,EL8301,Teknik Dijital
20111,MAT8101,Kalkulus I
20111,UN8205,Hadits dan Ilmu Hadits
20111,MAT8304,Logika Informatika
20111,EL8301L,Praktikum Teknik Digital
20111,IF8301L,Praktikum Algoritma dan Struktur Data
20111,IF8603L,Praktikum Kriptografi
20111,MAT8101,Kalkulus I
20111,MAT8304,Logika Informatika
20111,EL8301,Teknik Dijital
20111,MAT8304,Logika Informatika
20111,MAT8301,Probabilitas dan Statistika
20111,IF8301L,Praktikum Algoritma dan Struktur Data
20111,MAT8301,Probabilitas dan Statistika
20111,IF8502L,Praktikum Rekayasa Perangkat Lunak Lanjut
20111,MAT8101,Kalkulus I
20111,EKM8701,Pengantar Ekonomi Makro
20111,IF8301L,Praktikum Algoritma dan Struktur Data
20111,EKT8801,Ekonomi Teknik
20111,IF8502L,Praktikum Rekayasa Perangkat Lunak Lanjut
20111,FIS8101,Fisika Dasar
20111,MAT8101,Kalkulus I
20111,KIM8101,Kimia Dasar
20111,MAT8201,Kalkulus II
20111,KIM8101,Kimia Dasar
20111,EL8201,Dasar Rangkaian Elektrik
20111,IF8301,Algoritma dan Struktur Data
20111,MAT8302,Matematika Teknik
20111,FIS8101,Fisika Dasar
20111,EL8201,Dasar Rangkaian Elektrik
20111,IF8301,Algoritma dan Struktur Data
20111,IF8603L,Praktikum Kriptografi
20111,IF8301L,Praktikum Algoritma dan Struktur Data
20111,EKT8801,Ekonomi Teknik
20111,EL8301,Teknik Dijital
20111,MAT8101,Kalkulus I
20111,IF8201,Dasar Pemrograman
20111,IF8506,Interaksi Manusia dan Komputer
20111,EKM8701,Pengantar Ekonomi Makro
20111,MAT8101,Kalkulus I
20111,EL8301L,Praktikum Teknik Digital
20111,EKT8801,Ekonomi Teknik
20111,EL8301,Teknik Dijital
20111,EKT8801,Ekonomi Teknik
20111,IF8703,Metode Penelitian
20111,MAT8101,Kalkulus I
20111,EKM8701,Pengantar Ekonomi Makro
20111,EL8301L,Praktikum Teknik Digital
20111,IF8801,Kewirausahaan dan Etika Bisnis
20111,IF8604,Sistem Terdistribusi
20111,MAT8101,Kalkulus I
20111,KIM8101,Kimia Dasar
20111,KIM8101L,Praktikum Kimia Dasar
20111,MAT8101,Kalkulus I
20111,EL8301,Teknik Dijital
20111,IF8801,Kewirausahaan dan Etika Bisnis
20111,MAT8101,Kalkulus I
20111,UN8205,Hadits dan Ilmu Hadits
20111,KIM8101,Kimia Dasar
20111,EL8301,Teknik Dijital
20111,EKM8701,Pengantar Ekonomi Makro
20111,KIM8101,Kimia Dasar
20111,UN8205,Hadits dan Ilmu Hadits
20111,IF8201L,Praktikum Dasar Pemrograman
20111,MAT8101,Kalkulus I
20111,KIM8101,Kimia Dasar
20111,KIM8101L,Praktikum Kimia Dasar
20111,IF8504,Sistem Operasi
20111,IF8605,Intelegensia Buatan
20111,MAT8101,Kalkulus I
20111,EKM8701,Pengantar Ekonomi Makro
20111,MAT8101,Kalkulus I
20111,KIM8101,Kimia Dasar
20111,MAT8304,Logika Informatika
20111,KIM8101,Kimia Dasar
20111,MAT8303,Matematika Diskrit
20111,MAT8301,Probabilitas dan Statistika
20111,MAT8101,Kalkulus I
20111,KIM8101,Kimia Dasar
20111,KIM8101L,Praktikum Kimia Dasar
20111,MAT8101,Kalkulus I
20111,IF8201,Dasar Pemrograman
20111,IF8603,Kriptografi
20111,IF8201,Dasar Pemrograman
20111,KIM8101,Kimia Dasar
20111,KIM8101,Kimia Dasar
20111,EL8301,Teknik Dijital
20111,IF8405,Teori Bahasa dan Otomata
20111,EKM8701,Pengantar Ekonomi Makro
20111,IF8605,Intelegensia Buatan
20111,MAT8101,Kalkulus I
20111,MAT8304,Logika Informatika
20111,KIM8101,Kimia Dasar
20111,MAT8304,Logika Informatika
20111,MAT8101,Kalkulus I
20111,KIM8101L,Praktikum Kimia Dasar
20111,EL8301,Teknik Dijital
20111,IF8605,Intelegensia Buatan
20111,MAT8304,Logika Informatika
20111,MAT8101,Kalkulus I
20111,IF8403,Organisasi dan  Arsitektur Komputer
20111,IF8502,Rekayasa Perangkat Lunak Lanjut
20111,IF8701,Sistem Multimedia
20111,EL8301L,Praktikum Teknik Digital
20111,IF8801,Kewirausahaan dan Etika Bisnis
20111,MAT8101,Kalkulus I
20111,KIM8101,Kimia Dasar
20111,KIM8101L,Praktikum Kimia Dasar
20111,UN8205,Hadits dan Ilmu Hadits
20111,EL8301,Teknik Dijital
20111,IF8801,Kewirausahaan dan Etika Bisnis
20111,MAN8601,Manajemen
20111,KIM8101,Kimia Dasar
20111,KIM8101,Kimia Dasar
20111,EKM8701,Pengantar Ekonomi Makro
20121,EKM8701,Pengantar Ekonomi Makro
20121,IF8602L,Praktikum Pemrograman Internet
20121,UN8101,AlQuran dan Ilmu Tafsir
20121,IF8603,Kriptografi
20121,IF8701L,Praktikum Sistem Multimedia
20121,IF8603L,Praktikum Kriptografi
20121,EKT8801,Ekonomi Teknik
20121,IF8701L,Praktikum Sistem Multimedia
20121,UN8101,AlQuran dan Ilmu Tafsir
20121,UN8102,Bahasa Arab I
20121,FIS8101,Fisika Dasar
20121,MAT8301,Probabilitas dan Statistika
20121,EKM8701,Pengantar Ekonomi Makro
20121,IF8601L,Praktikum Jaringan Komputer Lanjut
20121,IF8404,Rekayasa Perangkat Lunak
20121,IF8603L,Praktikum Kriptografi
20121,KIM8101,Kimia Dasar
20121,UN8101,AlQuran dan Ilmu Tafsir
20121,IF8201,Dasar Pemrograman
20121,EL8201,Dasar Rangkaian Elektrik
20121,EKM8701,Pengantar Ekonomi Makro
20121,IF8301,Algoritma dan Struktur Data
20121,IF8201,Dasar Pemrograman
20121,MAT8201,Kalkulus II
20121,UN8202,Bahasa Arab II
20121,IF8507,Komunikasi Antar Personel
20121,MAT8101,Kalkulus I
20121,UN8102,Bahasa Arab I
20121,IF8201,Dasar Pemrograman
20121,IF8801,Kewirausahaan dan Etika Bisnis
20121,MAT8101,Kalkulus I
20121,EL8201,Dasar Rangkaian Elektrik
20121,UN8201,Akhlak Tasawuf
20121,IF8101,Pengantar Teknologi Informasi
20121,IF8801,Kewirausahaan dan Etika Bisnis
20121,UN8101,AlQuran dan Ilmu Tafsir
20121,UN8102,Bahasa Arab I
20121,MAT8302,Matematika Teknik
20121,MAN8601,Manajemen
20121,IF8101,Pengantar Teknologi Informasi
20121,EKM8701,Pengantar Ekonomi Makro
20121,MAT8302,Matematika Teknik
20121,IF8201,Dasar Pemrograman
20121,EKM8701,Pengantar Ekonomi Makro
20121,IF8301,Algoritma dan Struktur Data
20121,IF8801,Kewirausahaan dan Etika Bisnis
20121,UN15202,Bahasa Inggris II
20121,UN8201,Akhlak Tasawuf
20121,IF8201,Dasar Pemrograman
20121,MAT8201,Kalkulus II
20121,MAT8303,Matematika Diskrit
20121,MAT8301,Probabilitas dan Statistika
20121,EKM8701,Pengantar Ekonomi Makro
20121,IF8701L,Praktikum Sistem Multimedia
20121,IF8712P,Pengolahan Citra Digital
20121,IF8701L,Praktikum Sistem Multimedia
20121,KIM8101,Kimia Dasar
20121,KIM8101,Kimia Dasar
20121,MAT8201,Kalkulus II
20121,IF8603,Kriptografi
20121,IF8603L,Praktikum Kriptografi
20121,EL8301L,Praktikum Teknik Digital
20121,IF8201,Dasar Pemrograman
20121,MAT8301,Probabilitas dan Statistika
20121,EKM8701,Pengantar Ekonomi Makro
20121,EKM8701,Pengantar Ekonomi Makro
20121,FIS8101,Fisika Dasar
20121,UN8101,AlQuran dan Ilmu Tafsir
20121,KIM8101,Kimia Dasar
20121,KIM8101,Kimia Dasar
20121,MAT8101,Kalkulus I
20121,IF8201,Dasar Pemrograman
20121,MAT8303,Matematika Diskrit
20121,MAN8601,Manajemen
20121,MAT8201,Kalkulus II
20121,IF8402L,Praktikum Pemrograman Berorientasi Objek
20121,UN8101,AlQuran dan Ilmu Tafsir
20121,MAT8303,Matematika Diskrit
20121,IF8603L,Praktikum Kriptografi
20121,IF8701L,Praktikum Sistem Multimedia
20121,IF8506,Interaksi Manusia dan Komputer
20121,MAT8201,Kalkulus II
20121,EKM8701,Pengantar Ekonomi Makro
20121,EKM8701,Pengantar Ekonomi Makro
20121,IF8201,Dasar Pemrograman
20121,MAT8301,Probabilitas dan Statistika
20121,IF8602,Pemrograman Internet
20121,MAT8301,Probabilitas dan Statistika
20121,IF8402L,Praktikum Pemrograman Berorientasi Objek
20121,EKM8701,Pengantar Ekonomi Makro
20121,IF8501L,Praktikum Sistem Basisdata
20121,IF15302,Organisasi dan Arsitektur Komputer
20121,IF8201,Dasar Pemrograman
20121,IF8201,Dasar Pemrograman
20121,MAT8201,Kalkulus II
20121,IF8406,Strategi Algoritma
20121,IF8507,Komunikasi Antar Personel
20121,IF8605,Intelegensia Buatan
20121,IF8701L,Praktikum Sistem Multimedia
20121,IF8502L,Praktikum Rekayasa Perangkat Lunak Lanjut
20121,IF8602,Pemrograman Internet
20121,IF8506,Interaksi Manusia dan Komputer
20121,IF8507,Komunikasi Antar Personel
20121,IF8507,Komunikasi Antar Personel
20121,MAT8101,Kalkulus I
20121,MAT8101,Kalkulus I
20121,KIM8101,Kimia Dasar
20121,EKM8701,Pengantar Ekonomi Makro
20121,MAT8301,Probabilitas dan Statistika
20121,EKM8701,Pengantar Ekonomi Makro
20121,IF8201,Dasar Pemrograman
20121,EKM8701,Pengantar Ekonomi Makro
20121,IF8501L,Praktikum Sistem Basisdata
20121,IF8506,Interaksi Manusia dan Komputer
20121,EKM8701,Pengantar Ekonomi Makro
20121,IF8502,Rekayasa Perangkat Lunak Lanjut
20121,MAT8201,Kalkulus II
20121,IF8201,Dasar Pemrograman
20121,MAT8301,Probabilitas dan Statistika
20121,IF8507,Komunikasi Antar Personel
20121,EKM8701,Pengantar Ekonomi Makro
20121,EKM8701,Pengantar Ekonomi Makro
20121,EKM8701,Pengantar Ekonomi Makro
20121,EL8301,Teknik Dijital
20121,EL8301,Teknik Dijital
20121,EKM8701,Pengantar Ekonomi Makro
20121,EKM8701,Pengantar Ekonomi Makro
20121,MAT8301,Probabilitas dan Statistika
20121,MAT8101,Kalkulus I
20121,MAT8201,Kalkulus II
20121,IF8201,Dasar Pemrograman
20121,MAT8101,Kalkulus I
20121,MAT8301,Probabilitas dan Statistika
20121,MAT8101,Kalkulus I
20121,IF8201,Dasar Pemrograman
20121,MAT8101,Kalkulus I
20121,MAT8101,Kalkulus I
20121,KIM8101,Kimia Dasar
20121,IF8201,Dasar Pemrograman
20121,MAT8303,Matematika Diskrit
20121,MAT8301,Probabilitas dan Statistika
20121,IF8507,Komunikasi Antar Personel
20121,IF8603L,Praktikum Kriptografi
20121,MAT8101,Kalkulus I
20121,MAT8101,Kalkulus I
20121,EKT8801,Ekonomi Teknik
20121,MAT8101,Kalkulus I
20121,MAT8301,Probabilitas dan Statistika
20121,UN8201,Akhlak Tasawuf
20121,MAT15201,Kalkulus II
20121,MAT8101,Kalkulus I
20121,UN8201,Akhlak Tasawuf
20121,MAT8303,Matematika Diskrit
20121,MAT8301,Probabilitas dan Statistika
20121,EKM8701,Pengantar Ekonomi Makro
20121,IF8605,Intelegensia Buatan
20121,IF8201,Dasar Pemrograman
20121,MAT8201,Kalkulus II
20121,EL8301,Teknik Dijital
20121,IF8301,Algoritma dan Struktur Data
20121,MAT8101,Kalkulus I
20121,IF8201,Dasar Pemrograman
20121,IF8201,Dasar Pemrograman
20121,MAT8201,Kalkulus II
20121,EKT8801,Ekonomi Teknik
20121,EKT8801,Ekonomi Teknik
20121,EKT8801,Ekonomi Teknik
20121,IF8603,Kriptografi
20121,MAT8101,Kalkulus I
20121,MAT8101,Kalkulus I
20121,IF8703,Metode Penelitian
20121,IF8605,Intelegensia Buatan
20121,KIM8101,Kimia Dasar
20121,IF8201,Dasar Pemrograman
20121,MAT8201,Kalkulus II
20121,MAT8101,Kalkulus I
20121,IF8201,Dasar Pemrograman
20121,MAT8101,Kalkulus I
20121,UN8203,English for Special Purpose
20121,IF8201,Dasar Pemrograman
20121,IF8201,Dasar Pemrograman
20121,MAT8101,Kalkulus I
20121,MAT8301,Probabilitas dan Statistika
20121,EKM8701,Pengantar Ekonomi Makro
20121,IF8801,Kewirausahaan dan Etika Bisnis
20121,MAT8101,Kalkulus I
20121,MAT8301,Probabilitas dan Statistika
20121,MAT8101,Kalkulus I
20121,IF8201,Dasar Pemrograman
20121,UN8201,Akhlak Tasawuf
20121,IF8604,Sistem Terdistribusi
20121,IF8703PL,Praktikum WirelessMobile Computing
20121,KIM8101,Kimia Dasar
20121,MAT8201,Kalkulus II
20121,EKM8701,Pengantar Ekonomi Makro
20121,KIM8101,Kimia Dasar
20121,KIM8101,Kimia Dasar
20121,KIM8101,Kimia Dasar
20121,KIM8101,Kimia Dasar
20121,KIM8101,Kimia Dasar
20121,KIM8101,Kimia Dasar
20121,KIM8101,Kimia Dasar
20121,MAT8101,Kalkulus I
20121,IF8201,Dasar Pemrograman
20121,IF8507,Komunikasi Antar Personel
20121,UN8201,Akhlak Tasawuf
20121,IF8603,Kriptografi
20121,IF8301,Algoritma dan Struktur Data
20121,EKT8801,Ekonomi Teknik
20121,IF8801,Kewirausahaan dan Etika Bisnis
20121,IF8603L,Praktikum Kriptografi
20121,IF8402L,Praktikum Pemrograman Berorientasi Objek
20121,KIM8101,Kimia Dasar
20121,KIM8101,Kimia Dasar
20121,KIM8101,Kimia Dasar
20121,IF8605,Intelegensia Buatan
20121,KIM8101,Kimia Dasar
20121,KIM8101,Kimia Dasar
20121,IF8404L,Praktikum Rekayasa Perangkat Lunak
20121,EKT8801,Ekonomi Teknik
20121,KIM8101,Kimia Dasar
20121,KIM8101,Kimia Dasar
20121,EKM8701,Pengantar Ekonomi Makro
20121,EKM8701,Pengantar Ekonomi Makro
20121,MAT8101,Kalkulus I
20121,KIM8101,Kimia Dasar
20121,MAT8201,Kalkulus II
20121,IF8406,Strategi Algoritma
20121,IF8801,Kewirausahaan dan Etika Bisnis
20121,IF15302,Organisasi dan Arsitektur Komputer
20121,IF8506,Interaksi Manusia dan Komputer
20131,MAT8201,Kalkulus II
20131,MAT8101,Kalkulus I
20131,IF8401L,Praktikum Basis Data
20131,IF8402L,Praktikum Pemrograman Berorientasi Objek
20131,MAT8101,Kalkulus I
20131,EL8301L,Praktikum Teknik Digital
20131,EL8201,Dasar Rangkaian Elektrik
20131,IF8201L,Praktikum Dasar Pemrograman
20131,EL8201,Dasar Rangkaian Elektrik
20131,MAT8101,Kalkulus I
20131,IF8506,Interaksi Manusia dan Komputer
20131,IF8712P,Pengolahan Citra Digital
20131,MAT8201,Kalkulus II
20131,KIM8101,Kimia Dasar
20131,MAT8101,Kalkulus I
20131,KIM8101,Kimia Dasar
20131,MAT8101,Kalkulus I
20131,IF8502L,Praktikum Rekayasa Perangkat Lunak Lanjut
20131,MAT8101,Kalkulus I
20131,IF8201,Dasar Pemrograman
20131,MAT8101,Kalkulus I
20131,UN8201,Akhlak Tasawuf
20131,MAT8301,Probabilitas dan Statistika
20131,IF8710P,Sistem Cerdas
20131,MAT8101,Kalkulus I
20131,MAT8101,Kalkulus I
20131,MAT8101,Kalkulus I
20131,MAT8101,Kalkulus I
20131,MAT8304,Logika Informatika
20131,IF8402L,Praktikum Pemrograman Berorientasi Objek
20131,IF8406,Strategi Algoritma
20131,IF8403,Organisasi dan  Arsitektur Komputer
20131,UN8104,Bahasa Inggris
20131,MAT8101,Kalkulus I
20131,UN8202,Bahasa Arab II
20131,MAT8101,Kalkulus I
20131,UN8201,Akhlak Tasawuf
20131,UN8207,Ilmu Fiqih
20131,EKM8701,Pengantar Ekonomi Makro
20131,EKM8701,Pengantar Ekonomi Makro
20131,IF8603L,Praktikum Kriptografi
20131,KIM8101,Kimia Dasar
20131,MAT8101,Kalkulus I
20131,KIM8101L,Praktikum Kimia Dasar
20131,MAT8101,Kalkulus I
20131,IF8701L,Praktikum Sistem Multimedia
20131,EL8201,Dasar Rangkaian Elektrik
20131,IF8201,Dasar Pemrograman
20131,IF8605,Intelegensia Buatan
20131,MAT8101,Kalkulus I
20131,UN8201,Akhlak Tasawuf
20131,KIM8101,Kimia Dasar
20131,MAT8101,Kalkulus I
20131,MAT8101,Kalkulus I
20131,EKM8701,Pengantar Ekonomi Makro
20131,MAT8101,Kalkulus I
20131,UN8201,Akhlak Tasawuf
20131,IF8505,Jaringan Komputer
20131,IF8504,Sistem Operasi
20131,MAT8101,Kalkulus I
20131,MAT8101,Kalkulus I
20131,UN8102,Bahasa Arab I
20131,IF8301L,Praktikum Algoritma dan Struktur Data
20131,KIM8101,Kimia Dasar
20131,KIM8101L,Praktikum Kimia Dasar
20131,KIM8101,Kimia Dasar
20131,MAT8304,Logika Informatika
20131,MAT8201,Kalkulus II
20131,MAT8101,Kalkulus I
20131,UN8201,Akhlak Tasawuf
20131,MAT8101,Kalkulus I
20131,EKM8701,Pengantar Ekonomi Makro
20131,KIM8101,Kimia Dasar
20131,MAT8101,Kalkulus I
20131,IF8704P,Mobile Programming
20131,MAT8101,Kalkulus I
20131,UN8102,Bahasa Arab I
20131,UN8201,Akhlak Tasawuf
20131,UN8102,Bahasa Arab I
20131,UN8103,Bahasa Indonesia
20131,FIS8101,Fisika Dasar
20131,KIM8101,Kimia Dasar
20131,MAT8101,Kalkulus I
20131,MAT8201,Kalkulus II
20131,UN8201,Akhlak Tasawuf
20131,MAT8101,Kalkulus I
20131,MAT8101,Kalkulus I
20131,IF8201,Dasar Pemrograman
20131,EL8201,Dasar Rangkaian Elektrik
20131,MAT15201,Kalkulus II
20131,IF15601,Sistem Informasi
20131,MAT8201,Kalkulus II
20131,IF8201L,Praktikum Dasar Pemrograman
20131,FIS8101,Fisika Dasar
20131,MAT8303,Matematika Diskrit
20131,IF8201,Dasar Pemrograman
20131,EL8301,Teknik Dijital
20131,UN8102,Bahasa Arab I
20131,IF8201,Dasar Pemrograman
20131,MAT8201,Kalkulus II
20131,KIM8101L,Praktikum Kimia Dasar
20131,MAT8303,Matematika Diskrit
20131,IF8301,Algoritma dan Struktur Data
20131,MAT8101,Kalkulus I
20131,UN8207,Ilmu Fiqih
20131,IF8402L,Praktikum Pemrograman Berorientasi Objek
20131,IF8507,Komunikasi Antar Personel
20131,UN8102,Bahasa Arab I
20131,IF8201,Dasar Pemrograman
20131,MAT8201,Kalkulus II
20131,UN8201,Akhlak Tasawuf
20131,EKT8801,Ekonomi Teknik
20131,FIS8101L,Praktikum Fisika Dasar
20131,KIM8101,Kimia Dasar
20131,MAT8201,Kalkulus II
20131,IF8301,Algoritma dan Struktur Data
20131,MAT8304,Logika Informatika
20131,MAT8101,Kalkulus I
20131,MAT8303,Matematika Diskrit
20131,MAT8101,Kalkulus I
20131,UN8102,Bahasa Arab I
20131,KIM8101,Kimia Dasar
20131,EKM8701,Pengantar Ekonomi Makro
20131,IF8404L,Praktikum Rekayasa Perangkat Lunak
20131,MAT8101,Kalkulus I
20131,KIM8101L,Praktikum Kimia Dasar
20131,EL8201,Dasar Rangkaian Elektrik
20131,UN8207,Ilmu Fiqih
20131,MAT8101,Kalkulus I
20131,EL8201,Dasar Rangkaian Elektrik
20131,IF8504,Sistem Operasi
20131,MAT8101,Kalkulus I
20131,IF8401,Basis Data
20131,IF8401L,Praktikum Basis Data
20131,IF8712P,Pengolahan Citra Digital
20131,MAT8101,Kalkulus I
20131,IF8201,Dasar Pemrograman
20131,MAT8201,Kalkulus II
20131,MAT8201,Kalkulus II
20131,MAT8302,Matematika Teknik
20131,MAT8303,Matematika Diskrit
20131,IF8501,Sistem Basis Data
20131,IF8605,Intelegensia Buatan
20131,IF15506,Intelegensia Buatan
20131,UN8104,Bahasa Inggris
20131,MAT8101,Kalkulus I
20131,MAT8101,Kalkulus I
20131,MAT8101,Kalkulus I
20131,MAT8101,Kalkulus I
20131,UN8201,Akhlak Tasawuf
20131,IF8704P,Mobile Programming
20131,MAT8101,Kalkulus I
20131,UN8102,Bahasa Arab I
20131,IF8201,Dasar Pemrograman
20131,UN8201,Akhlak Tasawuf
20131,IF8404,Rekayasa Perangkat Lunak
20131,UN8102,Bahasa Arab I
20131,MAT8101,Kalkulus I
20131,MAT8201,Kalkulus II
20131,KIM8101,Kimia Dasar
20131,MAT8101,Kalkulus I
20131,EL8201,Dasar Rangkaian Elektrik
20131,IF8201,Dasar Pemrograman
20131,MAT8201,Kalkulus II
20131,IF8603,Kriptografi
20131,EL8201,Dasar Rangkaian Elektrik
20131,IF15102L,Praktikum Dasar Pemrograman
20131,MAT8101,Kalkulus I
20131,KIM8101L,Praktikum Kimia Dasar
20131,UN8201,Akhlak Tasawuf
20131,UN8104,Bahasa Inggris
20131,IF8801,Kewirausahaan dan Etika Bisnis
20131,EL8201,Dasar Rangkaian Elektrik
20131,IF8702,Proyek Perangkat Lunak
20131,MAT8201,Kalkulus II
20131,UN8201,Akhlak Tasawuf
20131,MAT8101,Kalkulus I
20131,UN8102,Bahasa Arab I
20131,UN8102,Bahasa Arab I
20131,MAT8201,Kalkulus II
20131,UN8201,Akhlak Tasawuf
20131,UN8102,Bahasa Arab I
20131,MAT8101,Kalkulus I
20131,MAN8601,Manajemen
20131,MAT8101,Kalkulus I
20131,MAT8101,Kalkulus I
20131,UN8201,Akhlak Tasawuf
20131,EL8301,Teknik Dijital
20131,MAT8201,Kalkulus II
20131,IF8201L,Praktikum Dasar Pemrograman
20131,MAT15201,Kalkulus II
20131,EKM8701,Pengantar Ekonomi Makro
20131,IF15405,Strategi Algoritma
20131,IF8603,Kriptografi
20131,IF15403,Pemrograman Berorientasi Objek
20131,IF15601,Sistem Informasi
20131,MAT8101,Kalkulus I
20131,UN8104,Bahasa Inggris
20131,UN8201,Akhlak Tasawuf
20131,IF8201L,Praktikum Dasar Pemrograman
20131,UN15202,Bahasa Inggris II
20131,IF8603,Kriptografi
20131,IF15201,Algoritma dan Pemrograman
20131,MAT8101,Kalkulus I
20131,UN8202,Bahasa Arab II
20131,IF8801,Kewirausahaan dan Etika Bisnis
20131,IB8180,Praktek Ibadah
20131,MAT8101,Kalkulus I
20131,MAT8201,Kalkulus II
20131,IF8604,Sistem Terdistribusi
20131,MAT8101,Kalkulus I
20131,MAT8101,Kalkulus I
20131,EKT8801,Ekonomi Teknik
20131,MAT8101,Kalkulus I
20131,IF15102L,Praktikum Dasar Pemrograman
20131,EKM8701,Pengantar Ekonomi Makro
20131,EKM8701,Pengantar Ekonomi Makro
20131,IF8702,Proyek Perangkat Lunak
20131,IF8704P,Mobile Programming
20131,MAT8101,Kalkulus I
20131,MAN8601,Manajemen
20131,IF8402L,Praktikum Pemrograman Berorientasi Objek
20131,MAT8201,Kalkulus II
20131,MAT8101,Kalkulus I
20131,KIM8101,Kimia Dasar
20131,EL8201,Dasar Rangkaian Elektrik
20131,MAT8101,Kalkulus I
20131,MAT8101,Kalkulus I
20131,EKT8801,Ekonomi Teknik
20131,MAT8101,Kalkulus I
20131,UN8102,Bahasa Arab I
20131,MAT8201,Kalkulus II
20131,UN8201,Akhlak Tasawuf
20131,KIM8101,Kimia Dasar
20131,IF8603,Kriptografi
20131,EL8201,Dasar Rangkaian Elektrik
20131,MAT8101,Kalkulus I
20131,UN8201,Akhlak Tasawuf
20131,MAT8302,Matematika Teknik
20131,IF8301,Algoritma dan Struktur Data
20131,IF8801,Kewirausahaan dan Etika Bisnis
20131,IF8701L,Praktikum Sistem Multimedia
20131,MAT8101,Kalkulus I
20131,MAT8201,Kalkulus II
20131,IF8801,Kewirausahaan dan Etika Bisnis
20131,EKT8801,Ekonomi Teknik
20131,UN8102,Bahasa Arab I
20131,UN8102,Bahasa Arab I
20131,MAT8101,Kalkulus I
20131,IF15102L,Praktikum Dasar Pemrograman
20131,MAT8101,Kalkulus I
20131,MAT8303,Matematika Diskrit
20131,MAT8201,Kalkulus II
20131,IF15506,Intelegensia Buatan
20131,IF15504,Pengembangan Aplikasi Web
20131,MAT8101,Kalkulus I
20131,IF8507,Komunikasi Antar Personel
20131,MAT8101,Kalkulus I
20131,EL8201,Dasar Rangkaian Elektrik
20131,IF8507,Komunikasi Antar Personel
20131,IF8501L,Praktikum Sistem Basisdata
20131,IF8505L,Praktikum Jaringan Komputer
20131,IF8605,Intelegensia Buatan
20131,IF15506,Intelegensia Buatan
20131,MAT8101,Kalkulus I
20131,EL8201,Dasar Rangkaian Elektrik
20131,MAT8101,Kalkulus I
20131,MAT8101,Kalkulus I
20131,IF8201,Dasar Pemrograman
20131,UN8201,Akhlak Tasawuf
20131,IF8401L,Praktikum Basis Data
20131,IF15502L,Praktikum Jaringan Komputer
20131,IF15501L,Praktikum Sistem Basis Data
20131,MAT8101,Kalkulus I
20131,MAT8201,Kalkulus II
20131,IF8401L,Praktikum Basis Data
20131,IF8407,Grafika Komputer
20131,IF8701,Sistem Multimedia
20131,IF8603,Kriptografi
20131,IF8501L,Praktikum Sistem Basisdata
20131,MAT8101,Kalkulus I
20131,UN8201,Akhlak Tasawuf
20131,EL8201,Dasar Rangkaian Elektrik
20131,MAT8101,Kalkulus I
20131,MAT8101,Kalkulus I
20131,MAT8101,Kalkulus I
20131,IF8401L,Praktikum Basis Data
20131,IF8404L,Praktikum Rekayasa Perangkat Lunak
20131,IF8801,Kewirausahaan dan Etika Bisnis
20131,KIM8101,Kimia Dasar
20131,UN8201,Akhlak Tasawuf
20131,IF8602,Pemrograman Internet
20131,IF8701,Sistem Multimedia
20131,IF8603,Kriptografi
20131,IF8301L,Praktikum Algoritma dan Struktur Data
20131,MAT8303,Matematika Diskrit
20131,IF8301,Algoritma dan Struktur Data
20131,IF8507,Komunikasi Antar Personel
20131,EKM8701,Pengantar Ekonomi Makro
20131,IF8402,Pemrograman Berorientasi Objek
20131,IF8801,Kewirausahaan dan Etika Bisnis
20131,IF8603,Kriptografi
20131,IF15506,Intelegensia Buatan
20131,MAT8101,Kalkulus I
20131,UN8202,Bahasa Arab II
20131,MAT8101,Kalkulus I
20131,MAT8301,Probabilitas dan Statistika
20131,IF8406,Strategi Algoritma
20131,UN8104,Bahasa Inggris
20131,IF8404,Rekayasa Perangkat Lunak
20131,MAT15201,Kalkulus II
20131,IF8501L,Praktikum Sistem Basisdata
20131,IF8703,Metode Penelitian
20131,IF15706P,Sistem Informasi Enterprise
20131,MAT8101,Kalkulus I
20131,MAT8101,Kalkulus I
20131,UN8202,Bahasa Arab II
20131,MAT8201,Kalkulus II
20131,MAT8101,Kalkulus I
20131,EL8201,Dasar Rangkaian Elektrik
20131,EKM8701,Pengantar Ekonomi Makro
20131,KIM8101,Kimia Dasar
20131,MAT8101,Kalkulus I
20131,UN8201,Akhlak Tasawuf
20131,IF8301,Algoritma dan Struktur Data
20131,IF8301L,Praktikum Algoritma dan Struktur Data
20131,MAT8101,Kalkulus I
20131,IF8402,Pemrograman Berorientasi Objek
20131,MAT15301,Aljabar Linier  Aljabar Geometri
20131,UN8201,Akhlak Tasawuf
20131,MAT8101,Kalkulus I
20131,UN8102,Bahasa Arab I
20131,MAT8101,Kalkulus I
20131,MAT8201,Kalkulus II
20131,IF8603L,Praktikum Kriptografi
20131,IF15606L,Prak Jaringan Komputer Lanjut
20131,IF8801,Kewirausahaan dan Etika Bisnis
20131,FIS8101,Fisika Dasar
20131,MAT8101,Kalkulus I
20131,EL8201,Dasar Rangkaian Elektrik
20131,FIS8101,Fisika Dasar
20131,MAT8301,Probabilitas dan Statistika
20131,IF8505L,Praktikum Jaringan Komputer
20131,IF8703,Metode Penelitian
20131,MAT8101,Kalkulus I
20131,MAT8101,Kalkulus I
20131,IF8503,Sistem Informasi
20131,EKT8801,Ekonomi Teknik
20131,IF8507,Komunikasi Antar Personel
20131,EKT8801,Ekonomi Teknik
20131,MAT8101,Kalkulus I
20131,UN8201,Akhlak Tasawuf
20131,KIM8101,Kimia Dasar
20131,MAT8101,Kalkulus I
20131,UN8202,Bahasa Arab II
20131,MAT8101,Kalkulus I
20131,UN8201,Akhlak Tasawuf
20131,UN8207,Ilmu Fiqih
20131,MAT8201,Kalkulus II
20131,MAT8101,Kalkulus I
20131,EKM8701,Pengantar Ekonomi Makro
20131,IF8701,Sistem Multimedia
20131,MAT8101,Kalkulus I
20131,EL8201,Dasar Rangkaian Elektrik
20131,MAT8101,Kalkulus I
20131,MAT8303,Matematika Diskrit
20131,MAT8304,Logika Informatika
20131,IF8201,Dasar Pemrograman
20131,EL8201,Dasar Rangkaian Elektrik
20131,IF15406,Sistem Operasi
20131,KIM8101,Kimia Dasar
20131,MAT8101,Kalkulus I
20131,MAT8101,Kalkulus I
20131,MAT8101,Kalkulus I
20131,MAT8101,Kalkulus I
20131,KIM8101,Kimia Dasar
20131,MAT8101,Kalkulus I
20131,IF8201,Dasar Pemrograman
20131,IF8406,Strategi Algoritma
20131,IF8603,Kriptografi
20131,IF15405,Strategi Algoritma
20131,IF8602,Pemrograman Internet
20131,IF8603,Kriptografi
20131,MAT8101,Kalkulus I
20131,UN8102,Bahasa Arab I
20131,FIS8101,Fisika Dasar
20131,MAT8304,Logika Informatika
20131,MAT15201,Kalkulus II
20131,IF8602,Pemrograman Internet
20131,MAT15201,Kalkulus II
20131,UN8102,Bahasa Arab I
20131,MAT8101,Kalkulus I
20131,UN8201,Akhlak Tasawuf
20131,IF8101,Pengantar Teknologi Informasi
20131,IF15102L,Praktikum Dasar Pemrograman
20131,MAT8101,Kalkulus I
20131,EKM8701,Pengantar Ekonomi Makro
20131,MAT8101,Kalkulus I
20131,MAT8101,Kalkulus I
20131,IF8401L,Praktikum Basis Data
20141,IF8201L,Praktikum Dasar Pemrograman
20141,MAT8201,Kalkulus II
20141,IF8201,Dasar Pemrograman
20141,IF8404L,Praktikum Rekayasa Perangkat Lunak
20141,UN8207,Ilmu Fiqih
20141,IF8101,Pengantar Teknologi Informasi
20141,KIM8101L,Praktikum Kimia Dasar
20141,IF8201,Dasar Pemrograman
20141,UN8208,Ilmu TauhidAqidah
20141,IF8201L,Praktikum Dasar Pemrograman
20141,MAT8303,Matematika Diskrit
20141,IF8404,Rekayasa Perangkat Lunak
20141,EKM8701,Pengantar Ekonomi Makro
20141,EKM8701,Pengantar Ekonomi Makro
20141,IF8201,Dasar Pemrograman
20141,IF15405,Strategi Algoritma
20141,IF8401L,Praktikum Basis Data
20141,MAT8201,Kalkulus II
20141,IF8201,Dasar Pemrograman
20141,IF8201,Dasar Pemrograman
20141,IF8801,Kewirausahaan dan Etika Bisnis
20141,IF8701,Sistem Multimedia
20141,IF8602,Pemrograman Internet
20141,MAT8201,Kalkulus II
20141,MAT8201,Kalkulus II
20141,UN8207,Ilmu Fiqih
20141,MAT8303,Matematika Diskrit
20141,IF8506,Interaksi Manusia dan Komputer
20141,IF8801,Kewirausahaan dan Etika Bisnis
20141,IF15502L,Praktikum Jaringan Komputer
20141,KIM8101,Kimia Dasar
20141,IF8201,Dasar Pemrograman
20141,IF8502L,Praktikum Rekayasa Perangkat Lunak Lanjut
20141,MAT8303,Matematika Diskrit
20141,IF15506,Intelegensia Buatan
20141,EL8201,Dasar Rangkaian Elektrik
20141,UN8207,Ilmu Fiqih
20141,IF8201,Dasar Pemrograman
20141,MAT8201,Kalkulus II
20141,IF8301,Algoritma dan Struktur Data
20141,IF8801,Kewirausahaan dan Etika Bisnis
20141,MAT15201,Kalkulus II
20141,IF15703,Kewirausahaan  Etika Bisnis
20141,IF15606,Jaringan Komputer Lanjut
20141,KIM8101,Kimia Dasar
20141,EL8201,Dasar Rangkaian Elektrik
20141,IF8201,Dasar Pemrograman
20141,KIM8101L,Praktikum Kimia Dasar
20141,IF8201,Dasar Pemrograman
20141,KIM8101,Kimia Dasar
20141,KIM8101L,Praktikum Kimia Dasar
20141,EL8201,Dasar Rangkaian Elektrik
20141,MAT8302,Matematika Teknik
20141,IF15102L,Praktikum Dasar Pemrograman
20141,MAT8101,Kalkulus I
20141,MAT8101,Kalkulus I
20141,IF8201,Dasar Pemrograman
20141,MAT8302,Matematika Teknik
20141,IF8505,Jaringan Komputer
20141,KIM8101,Kimia Dasar
20141,UN8202,Bahasa Arab II
20141,EL8201,Dasar Rangkaian Elektrik
20141,IF15403L,Praktikum Pemrograman Berorientasi Objek
20141,IF8201,Dasar Pemrograman
20141,MAT8101,Kalkulus I
20141,KIM8101,Kimia Dasar
20141,EL8201,Dasar Rangkaian Elektrik
20141,IF8201,Dasar Pemrograman
20141,IF8201,Dasar Pemrograman
20141,MAT8101,Kalkulus I
20141,IF8201,Dasar Pemrograman
20141,FIS8101L,Praktikum Fisika Dasar
20141,EL8201,Dasar Rangkaian Elektrik
20141,IF15102L,Praktikum Dasar Pemrograman
20141,KIM8101L,Praktikum Kimia Dasar
20141,MAT8201,Kalkulus II
20141,IF8701L,Praktikum Sistem Multimedia
20141,MAT8101,Kalkulus I
20141,EKM8701,Pengantar Ekonomi Makro
20141,MAT8101,Kalkulus I
20141,IF8201,Dasar Pemrograman
20141,MAT8303,Matematika Diskrit
20141,IF15713PL,Praktikum Kriptografi
20141,MAT8101,Kalkulus I
20141,MAT8101,Kalkulus I
20141,IF8404,Rekayasa Perangkat Lunak
20141,IF8406,Strategi Algoritma
20141,IF8504,Sistem Operasi
20141,IF8505L,Praktikum Jaringan Komputer
20141,IF8603L,Praktikum Kriptografi
20141,IF8801,Kewirausahaan dan Etika Bisnis
20141,IF15605,Komunikasi Antar Personel
20141,MAT8302,Matematika Teknik
20141,IF15405,Strategi Algoritma
20141,EKT8801,Ekonomi Teknik
20141,IF15504L,Prak Pengembangan Aplikasi Web
20141,IF8201,Dasar Pemrograman
20141,IF8504,Sistem Operasi
20141,IF15501,Sistem Basis Data
20141,IF8201,Dasar Pemrograman
20141,MAT8101,Kalkulus I
20141,IF8201,Dasar Pemrograman
20141,KIM8101L,Praktikum Kimia Dasar
20141,MAT8101,Kalkulus I
20141,MAT8101,Kalkulus I
20141,IF15102L,Praktikum Dasar Pemrograman
20141,MAT8101,Kalkulus I
20141,EL8301,Teknik Dijital
20141,IF8403,Organisasi dan  Arsitektur Komputer
20141,MAT15303,Probabilitas dan Statistika
20141,IF8505L,Praktikum Jaringan Komputer
20141,MAT8101,Kalkulus I
20141,EKM8701,Pengantar Ekonomi Makro
20141,KIM8101L,Praktikum Kimia Dasar
20141,MAT8304,Logika Informatika
20141,MAT8101,Kalkulus I
20141,UN8102,Bahasa Arab I
20141,MAT8101,Kalkulus I
20141,UN8207,Ilmu Fiqih
20141,EKM8701,Pengantar Ekonomi Makro
20141,MAT8101,Kalkulus I
20141,KIM8101L,Praktikum Kimia Dasar
20141,MAT8101,Kalkulus I
20141,IF8201,Dasar Pemrograman
20141,MAT8101,Kalkulus I
20141,MAT8101,Kalkulus I
20141,MAT8302,Matematika Teknik
20141,MAT8101,Kalkulus I
20141,MAT8101,Kalkulus I
20141,MAT8101,Kalkulus I
20141,MAT8101,Kalkulus I
20141,IF15506,Intelegensia Buatan
20141,MAT8101,Kalkulus I
20141,IF8201,Dasar Pemrograman
20141,IF8401L,Praktikum Basis Data
20141,IF8502L,Praktikum Rekayasa Perangkat Lunak Lanjut
20141,MAT8101,Kalkulus I
20141,IF8201,Dasar Pemrograman
20141,UN8101,AlQuran dan Ilmu Tafsir
20141,KIM8101L,Praktikum Kimia Dasar
20141,FIS8101,Fisika Dasar
20141,FIS8101,Fisika Dasar
20141,UN8102,Bahasa Arab I
20141,UN8201,Akhlak Tasawuf
20141,EL8201,Dasar Rangkaian Elektrik
20141,IF15101,Pengantar Informatika
20141,IF15102,Dasar Pemrograman
20141,IF15102L,Praktikum Dasar Pemrograman
20141,MAT15201,Kalkulus II
20141,IF8801,Kewirausahaan dan Etika Bisnis
20141,MAT8201,Kalkulus II
20141,IF8201,Dasar Pemrograman
20141,EL8201,Dasar Rangkaian Elektrik
20141,MAT8303,Matematika Diskrit
20141,IF8801,Kewirausahaan dan Etika Bisnis
20141,IF8506,Interaksi Manusia dan Komputer
20141,IF8201,Dasar Pemrograman
20141,MAT8101,Kalkulus I
20141,MAT8302,Matematika Teknik
20141,IF8703,Metode Penelitian
20141,IF8403,Organisasi dan  Arsitektur Komputer
20141,IF8506,Interaksi Manusia dan Komputer
20141,IF8505L,Praktikum Jaringan Komputer
20141,MAT8201,Kalkulus II
20141,MAT8301,Probabilitas dan Statistika
20141,UN8201,Akhlak Tasawuf
20141,IF8201,Dasar Pemrograman
20141,EL8201,Dasar Rangkaian Elektrik
20141,MAT8101,Kalkulus I
20141,MAT8101,Kalkulus I
20141,IF8801,Kewirausahaan dan Etika Bisnis
20141,IF8801,Kewirausahaan dan Etika Bisnis
20141,IF8703,Metode Penelitian
20141,MAT8101,Kalkulus I
20141,MAT15201,Kalkulus II
20141,MAT8101,Kalkulus I
20141,MAT15201,Kalkulus II
20141,MAT8101,Kalkulus I
20141,IF8201,Dasar Pemrograman
20141,IF8402,Pemrograman Berorientasi Objek
20151,IF15506,Intelegensia Buatan
20151,IF15507,Manajemen Proyek Perangkat Lunak
20151,UN15101,Bahasa Arab
20151,IF15102,Dasar Pemrograman
20151,MAT15101,Kalkulus I
20151,IF15102L,Praktikum Dasar Pemrograman
20151,MAT15202,Logika Informatika
20151,UN15303,Ilmu TauhidAqidah
20151,IF15605,Komunikasi Antar Personel
20151,MAT15202,Logika Informatika
20151,FIS15101,Fisika Dasar
20151,MAT15202,Logika Informatika
20151,MAT15202,Logika Informatika
20151,IF15102,Dasar Pemrograman
20151,IF15403L,Praktikum Pemrograman Berorientasi Objek
20151,IF15605,Komunikasi Antar Personel
20151,IF15201,Algoritma dan Pemrograman
20151,MAT15202,Logika Informatika
20151,MAT15201,Kalkulus II
20151,IF15201,Algoritma dan Pemrograman
20151,MAT15202,Logika Informatika
20151,IF15201,Algoritma dan Pemrograman
20151,IF15201,Algoritma dan Pemrograman
20151,MAT15302,Matematika Diskrit
20151,IF15201,Algoritma dan Pemrograman
20151,FIS15101,Fisika Dasar
20151,MAT15202,Logika Informatika
20151,IF15506,Intelegensia Buatan
20151,IF15505,Interaksi Manusia dan Komputer
20151,UN15102,Bahasa Inggris I
20151,IF15101,Pengantar Informatika
20151,UN15202,Bahasa Inggris II
20151,IF15405,Strategi Algoritma
20151,IF15601,Sistem Informasi
20151,MAT15202,Logika Informatika
20151,IF15606L,Prak Jaringan Komputer Lanjut
20151,IF15606,Jaringan Komputer Lanjut
20151,MAT15202,Logika Informatika
20151,IF15506,Intelegensia Buatan
20151,IF15504L,Prak Pengembangan Aplikasi Web
20151,FIS15101,Fisika Dasar
20151,MAT15101,Kalkulus I
20151,UN15101,Bahasa Arab
20151,IF15605,Komunikasi Antar Personel
20151,UN15102,Bahasa Inggris I
20151,FIS15101,Fisika Dasar
20151,MAT15202,Logika Informatika
20151,IF15302,Organisasi dan Arsitektur Komputer
20151,IF15201L,Praktikum Algoritma dan Pemrograman
20151,MAT15202,Logika Informatika
20151,IF15606,Jaringan Komputer Lanjut
20151,IF15703,Kewirausahaan  Etika Bisnis
20151,IF15301,Struktur Data
20151,MAT15202,Logika Informatika
20151,MAT15301,Aljabar Linier  Aljabar Geometri
20151,MAT15303,Probabilitas dan Statistika
20151,IF15506,Intelegensia Buatan
20151,IF15504L,Prak Pengembangan Aplikasi Web
20151,IF15606,Jaringan Komputer Lanjut
20151,IF15506,Intelegensia Buatan
20151,MAT15303,Probabilitas dan Statistika
20151,IF15713PL,Praktikum Kriptografi
20151,IF15606,Jaringan Komputer Lanjut
20151,IF15701L,Prak RPL Spesifik Domain
20151,IF15201,Algoritma dan Pemrograman
20151,MAT15202,Logika Informatika
20151,IF15501L,Praktikum Sistem Basis Data
20151,IF15504,Pengembangan Aplikasi Web
20151,IF15713PL,Praktikum Kriptografi
20151,FIS15101,Fisika Dasar
20151,MAT15201,Kalkulus II
20151,UN15407,Akhlaq Tasawuf
20151,FIS15101,Fisika Dasar
20151,MAT15201,Kalkulus II
20151,FIS15101,Fisika Dasar
20151,IF15201,Algoritma dan Pemrograman
20151,MAT15202,Logika Informatika
20151,IF15201,Algoritma dan Pemrograman
20151,IF15402,Rekayasa Perangkat Lunak
20151,FIS15101,Fisika Dasar
20151,FIS15101,Fisika Dasar
20151,MAT15202,Logika Informatika
20151,IF15201,Algoritma dan Pemrograman
20151,MAT15302,Matematika Diskrit
20151,KP15601,Kerja Praktik
20151,MAT15202,Logika Informatika
20151,MAT15202,Logika Informatika
20151,IF15201L,Praktikum Algoritma dan Pemrograman
20151,IF15405,Strategi Algoritma
20151,IF15605,Komunikasi Antar Personel
20151,FIS15101,Fisika Dasar
20151,MAT15202,Logika Informatika
20151,IF15602,Proyek Perangkat Lunak
20151,MAT15201,Kalkulus II
20151,UN15205,Bahasa Indonesia
20151,MAT15201,Kalkulus II
20151,MAT15303,Probabilitas dan Statistika
20151,MAT15202,Logika Informatika
20151,IF15506,Intelegensia Buatan
20151,IF15506,Intelegensia Buatan
20151,IF15605,Komunikasi Antar Personel
20151,MAT15202,Logika Informatika
20151,IF15201,Algoritma dan Pemrograman
20151,IF15403,Pemrograman Berorientasi Objek
20151,IF15102,Dasar Pemrograman
20151,UN15202,Bahasa Inggris II
20151,MAT15201,Kalkulus II
20151,MAT15202,Logika Informatika
20151,FIS15101,Fisika Dasar
20151,IF15201,Algoritma dan Pemrograman
20151,FIS15101,Fisika Dasar
20151,MAT15101,Kalkulus I
20151,FIS15101L,Praktikum Fisika Dasar
20151,MAT15202,Logika Informatika
20151,IF15201,Algoritma dan Pemrograman
20151,UN15205,Bahasa Indonesia
20151,IF15402L,Praktikum Rekayasa Perangkat Lunak
20151,IF15504,Pengembangan Aplikasi Web
20151,IF15102,Dasar Pemrograman
20151,FIS15101,Fisika Dasar
20151,MAT15101,Kalkulus I
20151,MAT15101,Kalkulus I
20151,UN15202,Bahasa Inggris II
20151,MAT15101,Kalkulus I
20151,IF15201L,Praktikum Algoritma dan Pemrograman
20151,IF15501L,Praktikum Sistem Basis Data
20151,IF15504,Pengembangan Aplikasi Web
20151,IF15503L,Prak Aplikasi Platform Khusus
20151,FIS15101,Fisika Dasar
20151,IF15505,Interaksi Manusia dan Komputer
20151,IF15606L,Prak Jaringan Komputer Lanjut
20151,IF217003,Kewirausahaan
20151,IF15201,Algoritma dan Pemrograman
20151,IF15701L,Prak RPL Spesifik Domain
20151,OR15101,Olahraga
20151,FIS15101,Fisika Dasar
20151,MAT15202,Logika Informatika
20151,MAT15201,Kalkulus II
20151,IF15406,Sistem Operasi
20151,IF15502,Jaringan Komputer
20151,IF15403L,Praktikum Pemrograman Berorientasi Objek
20151,IF15102,Dasar Pemrograman
20151,MAT15302,Matematika Diskrit
20151,UN15101,Bahasa Arab
20151,IF15102,Dasar Pemrograman
20151,MAT15201,Kalkulus II
20151,IF15102,Dasar Pemrograman
20151,IF15102,Dasar Pemrograman
20151,IF15606L,Prak Jaringan Komputer Lanjut
20151,MAT15201,Kalkulus II
20151,MAT15202,Logika Informatika
20151,MAT15201,Kalkulus II
20151,IF15201,Algoritma dan Pemrograman
20151,IF15102,Dasar Pemrograman
20151,IF15102,Dasar Pemrograman
20151,IF15302,Organisasi dan Arsitektur Komputer
20151,IF15402L,Praktikum Rekayasa Perangkat Lunak
20151,UN15202,Bahasa Inggris II
20151,IF15402,Rekayasa Perangkat Lunak
20151,MAT15101,Kalkulus I
20151,MAT15201,Kalkulus II
20151,IF15506,Intelegensia Buatan
20151,MAT15101,Kalkulus I
20151,UN15202,Bahasa Inggris II
20151,IF15102,Dasar Pemrograman
20151,MAT15101,Kalkulus I
20151,MAT15201,Kalkulus II
20151,IF15505,Interaksi Manusia dan Komputer
20151,IF15301,Struktur Data
20151,IF15102,Dasar Pemrograman
20151,UN15202,Bahasa Inggris II
20151,MAT15202,Logika Informatika
20151,MAT15101,Kalkulus I
20151,IF15501,Sistem Basis Data
20151,IF15501L,Praktikum Sistem Basis Data
20151,IF15506,Intelegensia Buatan
20151,IF15505,Interaksi Manusia dan Komputer
20151,MAT15202,Logika Informatika
20151,UN15303,Ilmu TauhidAqidah
20151,FIS15101,Fisika Dasar
20151,MAT15202,Logika Informatika
20161,IF15606,Jaringan Komputer Lanjut
20161,IF15402,Rekayasa Perangkat Lunak
20161,FIS15101,Fisika Dasar
20161,MAT15101,Kalkulus I
20161,IF15406,Sistem Operasi
20161,IF15604,Grafika Komputer dan Visualisasi
20161,IF15403L,Praktikum Pemrograman Berorientasi Objek
20161,IF15403,Pemrograman Berorientasi Objek
20161,MAT15303,Probabilitas dan Statistika
20161,UN15303,Ilmu TauhidAqidah
20161,MAT15302,Matematika Diskrit
20161,MAT15201,Kalkulus II
20161,MAT15202,Logika Informatika
20161,UN15202,Bahasa Inggris II
20161,IF15201L,Praktikum Algoritma dan Pemrograman
20161,IF15504L,Prak Pengembangan Aplikasi Web
20161,KP15601,Kerja Praktik
20161,IF215005,Pengembangan Aplikasi Mobile
20161,IF15201,Algoritma dan Pemrograman
20161,MAT15303,Probabilitas dan Statistika
20161,IF15606,Jaringan Komputer Lanjut
20161,FIS15101L,Praktikum Fisika Dasar
20161,UN15202,Bahasa Inggris II
20161,IF15102,Dasar Pemrograman
20161,MAT15302,Matematika Diskrit
20161,IF15604,Grafika Komputer dan Visualisasi
20161,MAT15303,Probabilitas dan Statistika
20161,IF15402L,Praktikum Rekayasa Perangkat Lunak
20161,IF15502L,Praktikum Jaringan Komputer
20161,IF15405,Strategi Algoritma
20161,IF15606,Jaringan Komputer Lanjut
20161,MAT15201,Kalkulus II
20161,IF15502,Jaringan Komputer
20161,FIS15101,Fisika Dasar
20161,IF15201,Algoritma dan Pemrograman
20161,IF15201,Algoritma dan Pemrograman
20161,IF15201,Algoritma dan Pemrograman
20161,UN15407,Akhlaq Tasawuf
20161,IF15606,Jaringan Komputer Lanjut
20161,IF15606,Jaringan Komputer Lanjut
20161,IF15102,Dasar Pemrograman
20161,MAT15302,Matematika Diskrit
20161,MAT15303,Probabilitas dan Statistika
20161,IF15406,Sistem Operasi
20161,IF15703,Kewirausahaan  Etika Bisnis
20161,FIS15101,Fisika Dasar
20161,MAT15303,Probabilitas dan Statistika
20161,IF15606L,Prak Jaringan Komputer Lanjut
20161,FIS15101,Fisika Dasar
20161,MAT15101,Kalkulus I
20161,FIS15101,Fisika Dasar
20161,FIS15101L,Praktikum Fisika Dasar
20161,IF15102,Dasar Pemrograman
20161,IF15403,Pemrograman Berorientasi Objek
20161,IF15406,Sistem Operasi
20161,IF15605,Komunikasi Antar Personel
20161,MAT15101,Kalkulus I
20161,IF15201,Algoritma dan Pemrograman
20161,MAT15101,Kalkulus I
20161,IF15401,Basis Data
20161,MAT15101,Kalkulus I
20161,IF15402L,Praktikum Rekayasa Perangkat Lunak
20161,IF15403,Pemrograman Berorientasi Objek
20161,IF15601,Sistem Informasi
20161,MAN15601,Manajemen
20161,IF215005,Pengembangan Aplikasi Mobile
20161,IF15403L,Praktikum Pemrograman Berorientasi Objek
20161,MAT15303,Probabilitas dan Statistika
20161,IF15606,Jaringan Komputer Lanjut
20161,IF15605,Komunikasi Antar Personel
20161,IF15703,Kewirausahaan  Etika Bisnis
20161,FIS15101,Fisika Dasar
20161,UN15102,Bahasa Inggris I
20161,FIS15101,Fisika Dasar
20161,KP15601,Kerja Praktik
20161,IF15502,Jaringan Komputer
20161,IF15201L,Praktikum Algoritma dan Pemrograman
20161,IF15606,Jaringan Komputer Lanjut
20161,IF212505,Pengetahuan Lingkungan
20161,IF15405,Strategi Algoritma
20161,IF15402L,Praktikum Rekayasa Perangkat Lunak
20161,IF15403L,Praktikum Pemrograman Berorientasi Objek
20161,FIS15101,Fisika Dasar
20161,MAT15101,Kalkulus I
20161,IF15606L,Prak Jaringan Komputer Lanjut
20161,IF15606,Jaringan Komputer Lanjut
20161,FIS15101,Fisika Dasar
20161,IF15102L,Praktikum Dasar Pemrograman
20161,IF15102,Dasar Pemrograman
20161,FIS15101,Fisika Dasar
20161,IF15102,Dasar Pemrograman
20161,FIS15101,Fisika Dasar
20161,MAT15201,Kalkulus II
20161,MAT15201,Kalkulus II
20161,IF15402,Rekayasa Perangkat Lunak
20161,FIS15101,Fisika Dasar
20161,IF15201,Algoritma dan Pemrograman
20161,IF15406,Sistem Operasi
20161,IF15605,Komunikasi Antar Personel
20161,IF15703,Kewirausahaan  Etika Bisnis
20161,FIS15101,Fisika Dasar
20161,FIS15101,Fisika Dasar
20161,FIS15101,Fisika Dasar
20161,MAT15202,Logika Informatika
20161,IF216007,Pembelajaran Mesin
20161,FIS15101,Fisika Dasar
20161,MAT15101,Kalkulus I
20161,UN15202,Bahasa Inggris II
20161,MAT15101,Kalkulus I
20161,IF15201,Algoritma dan Pemrograman
20161,IF15604,Grafika Komputer dan Visualisasi
20161,FIS15101L,Praktikum Fisika Dasar
20161,MAT15201,Kalkulus II
20161,UN15202,Bahasa Inggris II
20161,FIS15101,Fisika Dasar
20161,IF15201L,Praktikum Algoritma dan Pemrograman
20161,FIS15101,Fisika Dasar
20161,FIS15101L,Praktikum Fisika Dasar
20161,UN15202,Bahasa Inggris II
20161,IF15201L,Praktikum Algoritma dan Pemrograman
20161,FIS15101,Fisika Dasar
20161,IF15502,Jaringan Komputer
20161,FIS15101,Fisika Dasar
20161,FIS15101,Fisika Dasar
20161,MAT15101,Kalkulus I
20161,IF15406,Sistem Operasi
20161,IF15506,Intelegensia Buatan
20161,IF15402L,Praktikum Rekayasa Perangkat Lunak
20161,IF15701L,Prak RPL Spesifik Domain
20161,IF15406,Sistem Operasi
20161,IF15405,Strategi Algoritma
20161,IF15502,Jaringan Komputer
20161,FIS15101,Fisika Dasar
20161,FIS15101,Fisika Dasar
20161,MAT15101,Kalkulus I
20161,IF15201,Algoritma dan Pemrograman
20161,FIS15101,Fisika Dasar
20161,IF15405,Strategi Algoritma
20161,IF15502,Jaringan Komputer
20161,IF15503,Aplikasi Platform Khusus
20161,IF15201,Algoritma dan Pemrograman
20161,IF15201,Algoritma dan Pemrograman
20161,IF15704,ICT dan Islam
20161,KP15601,Kerja Praktik
20161,IF15301,Struktur Data
20161,IF15402,Rekayasa Perangkat Lunak
20161,IF15201,Algoritma dan Pemrograman
20161,IF15502,Jaringan Komputer
20161,IF15201,Algoritma dan Pemrograman
20161,MAT15302,Matematika Diskrit
20161,IF15403,Pemrograman Berorientasi Objek
20161,MAT15302,Matematika Diskrit
20161,IF15701L,Prak RPL Spesifik Domain
20161,IF15102,Dasar Pemrograman
20161,MAT15201,Kalkulus II
20161,IF15201,Algoritma dan Pemrograman
20161,IF15403L,Praktikum Pemrograman Berorientasi Objek
20161,IF215006,Praktikum Pengembangan Aplikasi Mobile
20161,FIS15101,Fisika Dasar
20161,IF15201,Algoritma dan Pemrograman
20161,FIS15101,Fisika Dasar
20161,IF15402L,Praktikum Rekayasa Perangkat Lunak
20161,FIS15101,Fisika Dasar
20161,MAT15101,Kalkulus I
20161,IF15403,Pemrograman Berorientasi Objek
20161,IF15405,Strategi Algoritma
20161,IF15507,Manajemen Proyek Perangkat Lunak
20161,IF15502,Jaringan Komputer
20161,IF15503,Aplikasi Platform Khusus
20161,IF15606,Jaringan Komputer Lanjut
20161,MAT15101,Kalkulus I
20161,UN15202,Bahasa Inggris II
20161,IF15405,Strategi Algoritma
20161,MAT15101,Kalkulus I
20161,MAT15202,Logika Informatika
20161,UN15202,Bahasa Inggris II
20161,IF15201,Algoritma dan Pemrograman
20161,FIS15101,Fisika Dasar
20161,IF15605,Komunikasi Antar Personel
20161,IF15406,Sistem Operasi
20171,IF15604,Grafika Komputer dan Visualisasi
20171,IF15606,Jaringan Komputer Lanjut
20171,IF15704PL,Praktikum Mobile Programming
20171,IF15102,Dasar Pemrograman
20171,MAT15302,Matematika Diskrit
20171,IF15201L,Praktikum Algoritma dan Pemrograman
20171,IF15703,Kewirausahaan  Etika Bisnis
20171,IF15402L,Praktikum Rekayasa Perangkat Lunak
20171,IF15502L,Praktikum Jaringan Komputer
20171,IF15102L,Praktikum Dasar Pemrograman
20171,IF15302,Organisasi dan Arsitektur Komputer
20171,IF15406,Sistem Operasi
20171,IF15403L,Praktikum Pemrograman Berorientasi Objek
20171,MAT15301,Aljabar Linier  Aljabar Geometri
20171,IF15503L,Prak Aplikasi Platform Khusus
20171,UN15102,Bahasa Inggris I
20171,IF15102,Dasar Pemrograman
20171,IF15606L,Prak Jaringan Komputer Lanjut
20171,IF15504L,Prak Pengembangan Aplikasi Web
20171,MAT15202,Logika Informatika
20171,MAT15301,Aljabar Linier  Aljabar Geometri
20171,MAT15202,Logika Informatika
20171,IF215002,Praktikum Manajemen Basis Data
20171,IF15606,Jaringan Komputer Lanjut
20171,IF15703,Kewirausahaan  Etika Bisnis
20171,IF15403L,Praktikum Pemrograman Berorientasi Objek
20171,IF15606L,Prak Jaringan Komputer Lanjut
20171,MAT15302,Matematika Diskrit
20171,UN15303,Ilmu TauhidAqidah
20171,IF15703,Kewirausahaan  Etika Bisnis
20171,IF217003,Kewirausahaan
20171,IF216005,Sistem Multimedia
20171,MAT15202,Logika Informatika
20171,IF15102,Dasar Pemrograman
20171,MAT15202,Logika Informatika
20171,MAT15301,Aljabar Linier  Aljabar Geometri
20171,IF15403L,Praktikum Pemrograman Berorientasi Objek
20171,IF15502L,Praktikum Jaringan Komputer
20171,IF15604,Grafika Komputer dan Visualisasi
20171,IF15606,Jaringan Komputer Lanjut
20171,IF15606L,Prak Jaringan Komputer Lanjut
20171,MAT15302,Matematika Diskrit
20171,IF15102L,Praktikum Dasar Pemrograman
20171,FIS15101L,Praktikum Fisika Dasar
20171,IF15606,Jaringan Komputer Lanjut
20171,IF15606L,Prak Jaringan Komputer Lanjut
20171,MAT15202,Logika Informatika
20171,IF15606,Jaringan Komputer Lanjut
20171,IF15403L,Praktikum Pemrograman Berorientasi Objek
20171,IF15504,Pengembangan Aplikasi Web
20171,IF15504L,Prak Pengembangan Aplikasi Web
20171,IF217B02,Kriptografi
20171,UN15407,Akhlaq Tasawuf
20171,MAT15301,Aljabar Linier  Aljabar Geometri
20171,MAT15301,Aljabar Linier  Aljabar Geometri
20171,MAT15202,Logika Informatika
20171,MAT15202,Logika Informatika
20171,MAT15301,Aljabar Linier  Aljabar Geometri
20171,MAT15301,Aljabar Linier  Aljabar Geometri
20171,MAT15101,Kalkulus I
20171,MAT15202,Logika Informatika
20171,IF15405,Strategi Algoritma
20171,IF15201L,Praktikum Algoritma dan Pemrograman
20171,IF15201L,Praktikum Algoritma dan Pemrograman
20171,MAT15301,Aljabar Linier  Aljabar Geometri
20171,MAN15601,Manajemen
20181,MAT15301,Aljabar Linier  Aljabar Geometri
20181,UN15407,Akhlaq Tasawuf
20181,IF216007,Pembelajaran Mesin
20181,MAT15201,Kalkulus II
20181,IF15402L,Praktikum Rekayasa Perangkat Lunak
20181,IF15606L,Prak Jaringan Komputer Lanjut
20181,IF217002,ICT dan Islam
20181,IF216007,Pembelajaran Mesin
20181,IF15102,Dasar Pemrograman
20181,MAT15301,Aljabar Linier  Aljabar Geometri
20181,MAT15302,Matematika Diskrit
20181,IF214001,Basis Data
20181,MAT15301,Aljabar Linier  Aljabar Geometri
20181,IF15402L,Praktikum Rekayasa Perangkat Lunak
20181,IF215005,Pengembangan Aplikasi Mobile
20181,MAT15301,Aljabar Linier  Aljabar Geometri
20181,MAT15301,Aljabar Linier  Aljabar Geometri
20181,MAT15301,Aljabar Linier  Aljabar Geometri
20181,IF217002,ICT dan Islam
20181,IF15201,Algoritma dan Pemrograman
20181,MAT15201,Kalkulus II
20181,IF15301,Struktur Data
20181,IF15405,Strategi Algoritma
20181,IF214007,Strategi Algoritma
20181,IF15301L,Praktikum Struktur Data
20181,IF15703,Kewirausahaan  Etika Bisnis
20181,IF15201,Algoritma dan Pemrograman
20181,MAT15201,Kalkulus II
20181,IF15406,Sistem Operasi
20181,IF214003,Rekayasa Perangkat Lunak
20181,MAT15301,Aljabar Linier  Aljabar Geometri
20181,UN15407,Akhlaq Tasawuf
20181,IF216007,Pembelajaran Mesin
20181,FIS15101L,Praktikum Fisika Dasar
20181,IF15102,Dasar Pemrograman
20181,MAT15101,Kalkulus I
20181,IF217002,ICT dan Islam
20181,MAT15301,Aljabar Linier  Aljabar Geometri
20181,FIS15101L,Praktikum Fisika Dasar
20181,IF215006,Praktikum Pengembangan Aplikasi Mobile
20181,IF215005,Pengembangan Aplikasi Mobile
20181,MAT15303,Probabilitas dan Statistika
20181,MAT15302,Matematika Diskrit
20181,MAT15301,Aljabar Linier  Aljabar Geometri
20181,IF15502L,Praktikum Jaringan Komputer
20181,MAT15301,Aljabar Linier  Aljabar Geometri
20181,IF217B07,Forensika Digital
20181,IF216007,Pembelajaran Mesin
20181,MAT15301,Aljabar Linier  Aljabar Geometri
20181,MAT15301,Aljabar Linier  Aljabar Geometri
20181,MAT15301,Aljabar Linier  Aljabar Geometri
20181,FIS15101L,Praktikum Fisika Dasar
20181,IF15502,Jaringan Komputer
20181,IF15606L,Prak Jaringan Komputer Lanjut
20181,IF15604,Grafika Komputer dan Visualisasi
20181,IF216006,Praktikum Sistem Multimedia
20181,IF15201,Algoritma dan Pemrograman
20181,UN15407,Akhlaq Tasawuf
20181,FIS15101,Fisika Dasar
20181,IF15102,Dasar Pemrograman
20181,MAT15301,Aljabar Linier  Aljabar Geometri
20181,IF216008,Praktikum Pembelajaran Mesin
20181,MAT15301,Aljabar Linier  Aljabar Geometri
20181,IF15402L,Praktikum Rekayasa Perangkat Lunak
20181,IF15502,Jaringan Komputer
20181,IF15301,Struktur Data
20181,MAT15301,Aljabar Linier  Aljabar Geometri
20181,MAT15302,Matematika Diskrit
20181,MAT15301,Aljabar Linier  Aljabar Geometri
20181,MAT15302,Matematika Diskrit
20191,IF15403,Pemrograman Berorientasi Objek
20191,IF217002,ICT dan Islam
20191,UN15102,Bahasa Inggris I
20191,MAT15101,Kalkulus I
20191,MAT15202,Logika Informatika
20191,MAT15101,Kalkulus I
20191,IF215008,Praktikum Pengembangan Aplikasi Web
20191,IF216004,Grafika Komputer
20191,IF216001,Sistem Informasi
20191,MAT15303,Probabilitas dan Statistika
20191,IF15102,Dasar Pemrograman
20191,MAT15101,Kalkulus I
20191,IF217005,Kapita Selekta Informatika
20191,IF217005,Kapita Selekta Informatika
20191,UN15102,Bahasa Inggris I
20191,IF217005,Kapita Selekta Informatika
20191,MAT15101,Kalkulus I
20191,IF216001,Sistem Informasi
20191,IF217005,Kapita Selekta Informatika
20191,MAT15101,Kalkulus I
20191,MAT15301,Aljabar Linier  Aljabar Geometri
20191,IF15405,Strategi Algoritma
20191,IF215003,Jaringan Komputer
20191,IF215004,Praktikum Jaringan Komputer
20191,MAT15101,Kalkulus I
20191,MAT15101,Kalkulus I
20191,IF15403L,Praktikum Pemrograman Berorientasi Objek
20191,IF217005,Kapita Selekta Informatika
20191,MAN15601,Manajemen
20191,IF217005,Kapita Selekta Informatika
20191,MAT15101,Kalkulus I
20191,IF215003,Jaringan Komputer
20191,IF215004,Praktikum Jaringan Komputer
20191,MAT15101,Kalkulus I
20191,IF217002,ICT dan Islam
20191,IF213004,Aljabar Linier
20191,MAT15101,Kalkulus I
20191,FIS15101L,Praktikum Fisika Dasar
20191,IF15302,Organisasi dan Arsitektur Komputer
20191,MAT15202,Logika Informatika
20191,IF216007,Pembelajaran Mesin
20191,IF217005,Kapita Selekta Informatika
20191,IF216001,Sistem Informasi
20191,MAT15202,Logika Informatika
20191,IF216002,Proyek Perangkat Lunak
20191,IF217005,Kapita Selekta Informatika
20191,IF217002,ICT dan Islam
20191,IF215005,Pengembangan Aplikasi Mobile
20191,IF15405,Strategi Algoritma
20191,MAT15101,Kalkulus I
20191,IF15405,Strategi Algoritma
20191,IF216004,Grafika Komputer
20191,IF217005,Kapita Selekta Informatika
20191,IF215003,Jaringan Komputer
20191,IF215004,Praktikum Jaringan Komputer
20191,IF217005,Kapita Selekta Informatika
20201,IF214006,Probabilitas dan Statistika
20201,MAT15202,Logika Informatika
20201,MAT15202,Logika Informatika
20201,IF213004,Aljabar Linier
20201,IF214006,Probabilitas dan Statistika
20201,IF214001,Basis Data
20201,IF213005,Logika Komputasional
20201,IF213004,Aljabar Linier
20201,IF213001,Algoritma dan Struktur Data
20201,IF214001,Basis Data
20201,IF214002,Praktikum Basis Data
20201,IF214006,Probabilitas dan Statistika
20201,FIS15101,Fisika Dasar
20201,FIS15101,Fisika Dasar
20201,IF216001,Sistem Informasi
20201,MAT15302,Matematika Diskrit
20201,IF216001,Sistem Informasi
20201,FIS15101,Fisika Dasar
20201,FIS15101L,Praktikum Fisika Dasar
20201,FIS15101L,Praktikum Fisika Dasar
20201,MAT15101,Kalkulus I
20201,IF213004,Aljabar Linier
20201,FIS15101L,Praktikum Fisika Dasar
20201,IF214006,Probabilitas dan Statistika
20201,MAT15202,Logika Informatika
20201,MAT15202,Logika Informatika
20201,IF214008,Sistem Operasi
20201,IF216004,Grafika Komputer
20201,IF216001,Sistem Informasi
20201,MAT15101,Kalkulus I
20201,MAT15202,Logika Informatika
20201,IF213003,Organisasi dan Arsitektur Komputer
20201,IF213004,Aljabar Linier
20201,MAT15302,Matematika Diskrit
20201,MAT15101,Kalkulus I
20201,FIS15101,Fisika Dasar
20201,FIS15101,Fisika Dasar
20201,MAT15202,Logika Informatika
20201,IF213004,Aljabar Linier
20201,IF214006,Probabilitas dan Statistika
20201,IF214008,Sistem Operasi
20201,MAT15101,Kalkulus I
20201,IF15201L,Praktikum Algoritma dan Pemrograman
20201,IF214008,Sistem Operasi
20201,MAT15101,Kalkulus I
20201,IF214008,Sistem Operasi
20201,IF214009,Praktikum Sistem Operasi
20201,IF216008,Praktikum Pembelajaran Mesin
20201,IF214006,Probabilitas dan Statistika
20201,IF214008,Sistem Operasi
20201,IF15201L,Praktikum Algoritma dan Pemrograman
20201,MAT15201,Kalkulus II
20201,MAT15302,Matematika Diskrit
20201,IF214001,Basis Data
20201,IF212003,Kalkulus II
20201,IF216001,Sistem Informasi
20201,IF214006,Probabilitas dan Statistika
20201,IF216008,Praktikum Pembelajaran Mesin
20201,UN15204,Pengetahuan Lingkungan
20201,FIS15101,Fisika Dasar
20201,IF214006,Probabilitas dan Statistika
20201,MAT15202,Logika Informatika
20211,IF214008,Sistem Operasi
20211,IF213004,Aljabar Linier
20211,IF211006,Kalkulus I
20211,IF213004,Aljabar Linier
20211,IF213005,Logika Komputasional
20211,IF213004,Aljabar Linier
20211,IF213004,Aljabar Linier
20211,IF212004,Matematika Diskrit
20211,IF213004,Aljabar Linier
20211,IF213004,Aljabar Linier
20211,IF213004,Aljabar Linier
20211,IF212004,Matematika Diskrit
20211,IF213004,Aljabar Linier
20211,IF214009,Praktikum Sistem Operasi
20211,IF212004,Matematika Diskrit
20211,IF214008,Sistem Operasi
20211,IF214008,Sistem Operasi
20211,IF213005,Logika Komputasional
20211,IF211002,Dasar Pemrograman
20211,IF214009,Praktikum Sistem Operasi
20211,IF213004,Aljabar Linier
20211,IF213003,Organisasi dan Arsitektur Komputer
20211,IF212001,Algoritma dan Pemrograman
20211,IF212004,Matematika Diskrit
20211,IF213004,Aljabar Linier
20211,IF214008,Sistem Operasi
20211,IF216007,Pembelajaran Mesin
20211,IF212004,Matematika Diskrit
20211,IF213005,Logika Komputasional
20211,IF213004,Aljabar Linier
20211,IF212004,Matematika Diskrit
20211,IF213004,Aljabar Linier
20211,IF213005,Logika Komputasional
20211,IF212001,Algoritma dan Pemrograman
20211,IF213004,Aljabar Linier
20211,IF212001,Algoritma dan Pemrograman
20211,IF212001,Algoritma dan Pemrograman
20211,IF213004,Aljabar Linier
20211,IF214007,Strategi Algoritma
20211,IF212004,Matematika Diskrit
20211,IF213005,Logika Komputasional
20211,IF213004,Aljabar Linier
20211,IF214003,Rekayasa Perangkat Lunak
20211,IF213003,Organisasi dan Arsitektur Komputer
20211,IF217002,ICT dan Islam
20211,IF214009,Praktikum Sistem Operasi
20211,IF213005,Logika Komputasional
20211,IF213004,Aljabar Linier
20211,IF212003,Kalkulus II
20211,IF212004,Matematika Diskrit
20211,IF213004,Aljabar Linier
20211,IF213003,Organisasi dan Arsitektur Komputer
20211,IF213005,Logika Komputasional
20211,UN212509,Bahasa Indonesia
20211,IF212002,Praktikum Algoritma dan Pemrograman
20211,IF212003,Kalkulus II
20211,IF212003,Kalkulus II
20211,IF212004,Matematika Diskrit
20211,IF213004,Aljabar Linier
20211,IF212001,Algoritma dan Pemrograman
20211,IF213003,Organisasi dan Arsitektur Komputer
20211,IF213004,Aljabar Linier
20211,IF212004,Matematika Diskrit
20211,IF212004,Matematika Diskrit
20211,IF213005,Logika Komputasional
20211,IF213005,Logika Komputasional
20221,201004-705-02-010,Bahasa Arab
20221,201004-705-02-011,Bahasa Inggris I
20221,201004-705-01-003,Praktikum Dasar Pemrograman
20221,201004-705-01-006,Praktikum Algoritma dan Pemrograman
20221,201004-705-01-004,Kalkulus I
20221,201004-705-02-010,Bahasa Arab
20221,201004-705-01-006,Praktikum Algoritma dan Pemrograman
20221,201004-705-02-002,Kewarganegaraan
20221,201004-705-02-011,Bahasa Inggris I
20221,201004-705-01-007,Kalkulus II
20221,201004-705-02-014,Praktikum Fisika Dasar
20221,201004-705-01-007,Kalkulus II
20221,201004-705-01-004,Kalkulus I
20221,201004-705-01-004,Kalkulus I
20221,201004-705-02-014,Praktikum Fisika Dasar
20221,201004-705-01-007,Kalkulus II
20221,201004-705-01-007,Kalkulus II
20221,201004-705-01-007,Kalkulus II
20221,201004-705-01-007,Kalkulus II
20221,201004-705-01-007,Kalkulus II
